Record Length,2500,Points,-136.0000024E-6,0.0,
Sample Interval,400.00000467E-9,s,-135.5999993E-6,800.000011921E-3,
Trigger Point,340.00000199,Samples,-135.1999963E-6,800.000011921E-3,
,,,-134.8000078E-6,0.0,
,,,-134.4000048E-6,0.0,
,,,-134.0000017E-6,0.0,
Source,CH1,,-133.5999987E-6,0.0,
Vertical Units,Volts,,-133.1999956E-6,0.0,
Vertical Scale,20.0000003,,-132.8000071E-6,0.0,
Vertical Offset,0,,-132.4000041E-6,0.0,
Horizontal Units,s,,-132.0000010E-6,0.0,
Horizontal Scale,100.0000012E-6,,-131.5999980E-6,0.0,
Pt Fmt,Y,,-131.2000095E-6,0.0,
Yzero,-2.0000000,,-130.8000064E-6,0.0,
Probe Atten,10.0000000,,-130.4000034E-6,0.0,
,,,-130.0000004E-6,0.0,
Note,TDS 2024B - 12:39:32   15-11-2021,,-129.5999973E-6,0.0,
,,,-129.2000088E-6,0.0,
,,,-128.8000058E-6,0.0,
,,,-128.4000027E-6,0.0,
,,,-127.9999997E-6,0.0,
,,,-127.5999966E-6,0.0,
,,,-127.2000081E-6,0.0,
,,,-126.8000051E-6,0.0,
,,,-126.4000020E-6,0.0,
,,,-125.9999990E-6,0.0,
,,,-125.5999960E-6,0.0,
,,,-125.2000075E-6,0.0,
,,,-124.8000044E-6,0.0,
,,,-124.4000014E-6,0.0,
,,,-123.9999983E-6,0.0,
,,,-123.5999953E-6,0.0,
,,,-123.2000068E-6,0.0,
,,,-122.8000037E-6,0.0,
,,,-122.4000007E-6,0.0,
,,,-122.0000049E-6,0.0,
,,,-121.6000019E-6,800.000011921E-3,
,,,-121.1999988E-6,800.000011921E-3,
,,,-120.8000031E-6,0.0,
,,,-120.4000000E-6,0.0,
,,,-120.0000042E-6,0.0,
,,,-119.6000012E-6,0.0,
,,,-119.2000054E-6,0.0,
,,,-118.8000024E-6,0.0,
,,,-118.3999993E-6,0.0,
,,,-118.0000036E-6,800.000011921E-3,
,,,-117.6000005E-6,0.0,
,,,-117.2000048E-6,0.0,
,,,-116.8000017E-6,0.0,
,,,-116.3999987E-6,0.0,
,,,-116.0000029E-6,0.0,
,,,-115.5999998E-6,0.0,
,,,-115.2000041E-6,800.000011921E-3,
,,,-114.8000010E-6,0.0,
,,,-114.4000053E-6,0.0,
,,,-114.0000022E-6,0.0,
,,,-113.5999992E-6,0.0,
,,,-113.2000034E-6,800.000011921E-3,
,,,-112.8000004E-6,0.0,
,,,-112.4000046E-6,-800.000011921E-3,
,,,-112.0000015E-6,0.0,
,,,-111.5999985E-6,0.0,
,,,-111.2000027E-6,0.0,
,,,-110.7999997E-6,0.0,
,,,-110.4000039E-6,0.0,
,,,-110.0000009E-6,0.0,
,,,-109.6000051E-6,0.0,
,,,-109.2000020E-6,0.0,
,,,-108.7999990E-6,0.0,
,,,-108.4000032E-6,0.0,
,,,-108.0000002E-6,0.0,
,,,-107.6000044E-6,0.0,
,,,-107.2000014E-6,0.0,
,,,-106.8000056E-6,0.0,
,,,-106.4000026E-6,0.0,
,,,-105.9999995E-6,0.0,
,,,-105.6000037E-6,0.0,
,,,-105.2000007E-6,0.0,
,,,-104.8000049E-6,800.000011921E-3,
,,,-104.4000019E-6,0.0,
,,,-103.9999988E-6,0.0,
,,,-103.6000031E-6,0.0,
,,,-103.2000000E-6,800.000011921E-3,
,,,-102.8000042E-6,0.0,
,,,-102.4000012E-6,0.0,
,,,-102.0000054E-6,0.0,
,,,-101.6000024E-6,0.0,
,,,-101.1999993E-6,0.0,
,,,-100.8000036E-6,0.0,
,,,-100.4000005E-6,0.0,
,,,-100.0000047E-6,0.0,
,,,-99.600001704E-6,0.0,
,,,-99.199998658E-6,0.0,
,,,-98.800002888E-6,0.0,
,,,-98.399999843E-6,0.0,
,,,-98.000004073E-6,0.0,
,,,-97.600001027E-6,0.0,
,,,-97.200005257E-6,0.0,
,,,-96.800002211E-6,800.000011921E-3,
,,,-96.399999165E-6,0.0,
,,,-96.000003396E-6,800.000011921E-3,
,,,-95.600000350E-6,0.0,
,,,-95.200004580E-6,0.0,
,,,-94.800001534E-6,0.0,
,,,-94.399998488E-6,0.0,
,,,-94.000002719E-6,0.0,
,,,-93.599999673E-6,800.000011921E-3,
,,,-93.200003903E-6,0.0,
,,,-92.800000857E-6,800.000011921E-3,
,,,-92.400005087E-6,0.0,
,,,-92.000002041E-6,0.0,
,,,-91.599998996E-6,800.000011921E-3,
,,,-91.200003226E-6,0.0,
,,,-90.800000180E-6,0.0,
,,,-90.400004410E-6,800.000011921E-3,
,,,-90.000001364E-6,0.0,
,,,-89.599998319E-6,0.0,
,,,-89.200002549E-6,800.000011921E-3,
,,,-88.799999503E-6,800.000011921E-3,
,,,-88.400003733E-6,0.0,
,,,-88.000000687E-6,0.0,
,,,-87.600004917E-6,0.0,
,,,-87.200001872E-6,0.0,
,,,-86.799998826E-6,0.0,
,,,-86.400003056E-6,0.0,
,,,-86.000000010E-6,0.0,
,,,-85.600004240E-6,0.0,
,,,-85.200001195E-6,0.0,
,,,-84.800005425E-6,0.0,
,,,-84.400002379E-6,0.0,
,,,-83.999999333E-6,0.0,
,,,-83.600003563E-6,0.0,
,,,-83.200000518E-6,0.0,
,,,-82.800004748E-6,0.0,
,,,-82.400001702E-6,0.0,
,,,-81.999998656E-6,800.000011921E-3,
,,,-81.600002886E-6,800.000011921E-3,
,,,-81.199999840E-6,0.0,
,,,-80.800004071E-6,0.0,
,,,-80.400001025E-6,0.0,
,,,-80.000005255E-6,0.0,
,,,-79.600002209E-6,0.0,
,,,-79.199999163E-6,800.000011921E-3,
,,,-78.800003394E-6,0.0,
,,,-78.400000348E-6,0.0,
,,,-78.000004578E-6,0.0,
,,,-77.600001532E-6,0.0,
,,,-77.199998486E-6,0.0,
,,,-76.800002716E-6,0.0,
,,,-76.399999671E-6,0.0,
,,,-76.000003901E-6,800.000011921E-3,
,,,-75.600000855E-6,800.000011921E-3,
,,,-75.200005085E-6,0.0,
,,,-74.800002039E-6,800.000011921E-3,
,,,-74.399998994E-6,800.000011921E-3,
,,,-74.000003224E-6,0.0,
,,,-73.600000178E-6,0.0,
,,,-73.200004408E-6,800.000011921E-3,
,,,-72.800001362E-6,0.0,
,,,-72.399998317E-6,0.0,
,,,-72.000002547E-6,0.0,
,,,-71.599999501E-6,0.0,
,,,-71.200003731E-6,0.0,
,,,-70.800000685E-6,0.0,
,,,-70.400004915E-6,0.0,
,,,-70.000001870E-6,0.0,
,,,-69.599998824E-6,0.0,
,,,-69.200003054E-6,0.0,
,,,-68.800000008E-6,0.0,
,,,-68.400004238E-6,0.0,
,,,-68.000001193E-6,0.0,
,,,-67.599998147E-6,0.0,
,,,-67.200002377E-6,800.000011921E-3,
,,,-66.799999331E-6,0.0,
,,,-66.400003561E-6,800.000011921E-3,
,,,-66.000000515E-6,0.0,
,,,-65.600004746E-6,800.000011921E-3,
,,,-65.200001700E-6,0.0,
,,,-64.799998654E-6,0.0,
,,,-64.400002884E-6,800.000011921E-3,
,,,-63.999999838E-6,0.0,
,,,-63.600004069E-6,0.0,
,,,-63.200001023E-6,0.0,
,,,-62.799997977E-6,0.0,
,,,-62.400002207E-6,0.0,
,,,-61.999999161E-6,0.0,
,,,-61.600003392E-6,0.0,
,,,-61.200000346E-6,0.0,
,,,-60.800000938E-6,0.0,
,,,-60.400001530E-6,0.0,
,,,-60.000002122E-6,0.0,
,,,-59.600002714E-6,0.0,
,,,-59.199999669E-6,0.0,
,,,-58.800000261E-6,0.0,
,,,-58.400000853E-6,0.0,
,,,-58.000001445E-6,0.0,
,,,-57.600002037E-6,0.0,
,,,-57.200002630E-6,0.0,
,,,-56.800003222E-6,800.000011921E-3,
,,,-56.400000176E-6,0.0,
,,,-56.000000768E-6,800.000011921E-3,
,,,-55.600001360E-6,800.000011921E-3,
,,,-55.200001952E-6,0.0,
,,,-54.800002545E-6,0.0,
,,,-54.40000314E-6,0.0,
,,,-54.00000009E-6,800.000011921E-3,
,,,-53.60000068E-6,0.0,
,,,-53.20000128E-6,0.0,
,,,-52.80000187E-6,0.0,
,,,-52.40000246E-6,0.0,
,,,-52.00000305E-6,0.0,
,,,-51.60000001E-6,0.0,
,,,-51.20000060E-6,0.0,
,,,-50.80000119E-6,0.0,
,,,-50.40000178E-6,0.0,
,,,-50.00000237E-6,0.0,
,,,-49.60000297E-6,0.0,
,,,-49.19999992E-6,0.0,
,,,-48.80000051E-6,0.0,
,,,-48.40000111E-6,0.0,
,,,-48.00000170E-6,0.0,
,,,-47.60000229E-6,0.0,
,,,-47.20000288E-6,800.000011921E-3,
,,,-46.79999984E-6,0.0,
,,,-46.40000043E-6,0.0,
,,,-46.00000102E-6,0.0,
,,,-45.60000161E-6,0.0,
,,,-45.20000221E-6,0.0,
,,,-44.80000280E-6,800.000011921E-3,
,,,-44.39999975E-6,0.0,
,,,-44.00000034E-6,0.0,
,,,-43.60000094E-6,0.0,
,,,-43.20000153E-6,0.0,
,,,-42.80000212E-6,0.0,
,,,-42.40000271E-6,0.0,
,,,-41.99999967E-6,0.0,
,,,-41.60000026E-6,0.0,
,,,-41.20000085E-6,0.0,
,,,-40.80000144E-6,0.0,
,,,-40.40000204E-6,0.0,
,,,-40.00000263E-6,800.000011921E-3,
,,,-39.59999958E-6,0.0,
,,,-39.20000017E-6,0.0,
,,,-38.80000077E-6,0.0,
,,,-38.40000136E-6,0.0,
,,,-38.00000195E-6,0.0,
,,,-37.60000254E-6,0.0,
,,,-37.19999950E-6,0.0,
,,,-36.80000009E-6,0.0,
,,,-36.40000068E-6,0.0,
,,,-36.00000127E-6,0.0,
,,,-35.60000187E-6,0.0,
,,,-35.20000246E-6,0.0,
,,,-34.79999941E-6,0.0,
,,,-34.40000000E-6,800.000011921E-3,
,,,-34.00000060E-6,0.0,
,,,-33.60000119E-6,0.0,
,,,-33.20000178E-6,800.000011921E-3,
,,,-32.80000237E-6,800.000011921E-3,
,,,-32.40000297E-6,800.000011921E-3,
,,,-31.99999992E-6,0.0,
,,,-31.60000051E-6,0.0,
,,,-31.20000110E-6,0.0,
,,,-30.80000170E-6,0.0,
,,,-30.40000047E-6,0.0,
,,,-30.00000106E-6,0.0,
,,,-29.60000165E-6,0.0,
,,,-29.20000043E-6,0.0,
,,,-28.80000102E-6,0.0,
,,,-28.40000161E-6,0.0,
,,,-28.00000038E-6,0.0,
,,,-27.60000098E-6,0.0,
,,,-27.20000157E-6,0.0,
,,,-26.80000034E-6,0.0,
,,,-26.40000093E-6,0.0,
,,,-26.00000153E-6,0.0,
,,,-25.60000030E-6,0.0,
,,,-25.20000089E-6,0.0,
,,,-24.80000148E-6,0.0,
,,,-24.40000026E-6,0.0,
,,,-24.00000085E-6,0.0,
,,,-23.60000144E-6,0.0,
,,,-23.20000021E-6,0.0,
,,,-22.80000081E-6,0.0,
,,,-22.40000140E-6,0.0,
,,,-22.00000017E-6,0.0,
,,,-21.60000076E-6,800.000011921E-3,
,,,-21.20000136E-6,0.0,
,,,-20.80000195E-6,0.0,
,,,-20.40000072E-6,0.0,
,,,-20.0000013E-6,0.0,
,,,-19.6000019E-6,0.0,
,,,-19.2000007E-6,0.0,
,,,-18.8000013E-6,0.0,
,,,-18.4000019E-6,0.0,
,,,-18.0000006E-6,800.000011921E-3,
,,,-17.6000012E-6,0.0,
,,,-17.2000018E-6,0.0,
,,,-16.8000006E-6,0.0,
,,,-16.4000012E-6,800.000011921E-3,
,,,-16.0000018E-6,800.000011921E-3,
,,,-15.6000006E-6,0.0,
,,,-15.2000011E-6,0.0,
,,,-14.8000008E-6,0.0,
,,,-14.4000005E-6,800.000011921E-3,
,,,-14.0000011E-6,0.0,
,,,-13.6000008E-6,0.0,
,,,-13.2000014E-6,800.000011921E-3,
,,,-12.8000011E-6,800.000011921E-3,
,,,-12.4000007E-6,0.0,
,,,-12.0000013E-6,0.0,
,,,-11.6000010E-6,0.0,
,,,-11.2000007E-6,0.0,
,,,-10.8000013E-6,0.0,
,,,-10.4000010E-6,0.0,
,,,-10.0000007E-6,800.000011921E-3,
,,,-9.600001249E-6,0.0,
,,,-9.200000932E-6,0.0,
,,,-8.800000614E-6,0.0,
,,,-8.400001207E-6,0.0,
,,,-8.000000889E-6,0.0,
,,,-7.600001027E-6,800.000011921E-3,
,,,-7.20000071E-6,0.0,
,,,-6.80000085E-6,0.0,
,,,-6.40000098E-6,0.0,
,,,-6.00000067E-6,0.0,
,,,-5.60000080E-6,0.0,
,,,-5.20000094E-6,0.0,
,,,-4.80000108E-6,0.0,
,,,-4.40000076E-6,0.0,
,,,-4.00000090E-6,0.0,
,,,-3.60000081E-6,0.0,
,,,-3.20000072E-6,0.0,
,,,-2.80000086E-6,0.0,
,,,-2.4000008E-6,800.000011921E-3,
,,,-2.0000009E-6,0.0,
,,,-1.6000008E-6,800.000011921E-3,
,,,-1.2000008E-6,0.0,
,,,-800.000805157E-9,0.0,
,,,-400.00080048E-9,0.0,
,,,-795.807853699E-15,0.0,
,,,399.99920887E-9,0.0,
,,,799.999213541E-9,0.0,
,,,1.1999992E-6,0.0,
,,,1.5999992E-6,0.0,
,,,1.9999993E-6,0.0,
,,,2.3999992E-6,0.0,
,,,2.79999927E-6,45.60000229,
,,,3.19999936E-6,45.60000229,
,,,3.59999922E-6,45.60000229,
,,,3.99999908E-6,46.40000153,
,,,4.39999940E-6,46.40000153,
,,,4.79999926E-6,46.40000153,
,,,5.19999912E-6,46.40000153,
,,,5.59999944E-6,46.40000153,
,,,5.99999930E-6,46.40000153,
,,,6.39999917E-6,46.40000153,
,,,6.79999948E-6,46.40000153,
,,,7.19999935E-6,46.40000153,
,,,7.599999208E-6,47.20000076,
,,,7.999999070E-6,46.40000153,
,,,8.399999388E-6,46.40000153,
,,,8.799999705E-6,46.40000153,
,,,9.199999113E-6,46.40000153,
,,,9.599999430E-6,46.40000153,
,,,9.999999747E-6,46.40000153,
,,,10.3999992E-6,46.40000153,
,,,10.7999995E-6,47.20000076,
,,,11.1999998E-6,46.40000153,
,,,11.5999992E-6,47.20000076,
,,,11.9999995E-6,46.40000153,
,,,12.3999989E-6,47.20000076,
,,,12.7999992E-6,46.40000153,
,,,13.1999996E-6,47.20000076,
,,,13.5999990E-6,47.20000076,
,,,13.9999993E-6,47.20000076,
,,,14.3999996E-6,46.40000153,
,,,14.7999990E-6,46.40000153,
,,,15.1999993E-6,47.20000076,
,,,15.5999987E-6,47.20000076,
,,,16.0000000E-6,47.20000076,
,,,16.3999994E-6,46.40000153,
,,,16.7999988E-6,47.20000076,
,,,17.2000000E-6,47.20000076,
,,,17.5999994E-6,46.40000153,
,,,17.9999988E-6,47.20000076,
,,,18.4000000E-6,47.20000076,
,,,18.7999995E-6,47.20000076,
,,,19.1999989E-6,47.20000076,
,,,19.6000001E-6,47.20000076,
,,,19.9999995E-6,46.40000153,
,,,20.39999890E-6,47.20000076,
,,,20.80000013E-6,46.40000153,
,,,21.19999954E-6,47.20000076,
,,,21.59999895E-6,47.20000076,
,,,22.00000017E-6,47.20000076,
,,,22.39999958E-6,47.20000076,
,,,22.79999899E-6,47.20000076,
,,,23.20000021E-6,47.20000076,
,,,23.59999962E-6,46.40000153,
,,,23.99999903E-6,47.20000076,
,,,24.40000026E-6,47.20000076,
,,,24.79999966E-6,47.20000076,
,,,25.19999907E-6,47.20000076,
,,,25.60000030E-6,47.20000076,
,,,25.99999971E-6,47.20000076,
,,,26.39999911E-6,46.40000153,
,,,26.80000034E-6,47.20000076,
,,,27.19999975E-6,47.20000076,
,,,27.59999916E-6,47.20000076,
,,,28.00000038E-6,47.20000076,
,,,28.39999979E-6,46.40000153,
,,,28.79999920E-6,47.20000076,
,,,29.20000043E-6,47.20000076,
,,,29.59999983E-6,47.20000076,
,,,29.99999924E-6,47.20000076,
,,,30.39999865E-6,47.20000076,
,,,30.79999806E-6,47.20000076,
,,,31.20000110E-6,47.20000076,
,,,31.60000051E-6,47.20000076,
,,,31.99999992E-6,47.20000076,
,,,32.39999933E-6,46.40000153,
,,,32.79999873E-6,46.40000153,
,,,33.19999814E-6,47.20000076,
,,,33.60000119E-6,47.20000076,
,,,34.00000060E-6,47.20000076,
,,,34.40000000E-6,46.40000153,
,,,34.79999941E-6,47.20000076,
,,,35.19999882E-6,47.20000076,
,,,35.59999823E-6,47.20000076,
,,,36.00000127E-6,47.20000076,
,,,36.40000068E-6,47.20000076,
,,,36.80000009E-6,47.20000076,
,,,37.19999950E-6,47.20000076,
,,,37.59999890E-6,47.20000076,
,,,37.99999831E-6,47.20000076,
,,,38.40000136E-6,47.20000076,
,,,38.80000077E-6,47.20000076,
,,,39.20000017E-6,46.40000153,
,,,39.59999958E-6,47.20000076,
,,,39.99999899E-6,47.20000076,
,,,40.39999840E-6,47.20000076,
,,,40.80000144E-6,47.20000076,
,,,41.20000085E-6,47.20000076,
,,,41.60000026E-6,47.20000076,
,,,41.99999967E-6,47.20000076,
,,,42.39999907E-6,47.20000076,
,,,42.79999848E-6,47.20000076,
,,,43.20000153E-6,47.20000076,
,,,43.60000094E-6,47.20000076,
,,,44.00000034E-6,47.20000076,
,,,44.39999975E-6,47.20000076,
,,,44.79999916E-6,47.20000076,
,,,45.19999857E-6,47.20000076,
,,,45.59999797E-6,47.20000076,
,,,46.00000102E-6,47.20000076,
,,,46.40000043E-6,47.20000076,
,,,46.79999984E-6,47.20000076,
,,,47.19999924E-6,47.20000076,
,,,47.59999865E-6,47.20000076,
,,,47.99999806E-6,47.20000076,
,,,48.40000111E-6,47.20000076,
,,,48.80000051E-6,47.20000076,
,,,49.19999992E-6,47.20000076,
,,,49.59999933E-6,47.20000076,
,,,49.99999874E-6,47.20000076,
,,,50.39999814E-6,47.20000076,
,,,50.80000119E-6,47.20000076,
,,,51.20000060E-6,47.20000076,
,,,51.60000001E-6,47.20000076,
,,,51.99999941E-6,47.20000076,
,,,52.39999882E-6,47.20000076,
,,,52.79999823E-6,47.20000076,
,,,53.20000128E-6,47.20000076,
,,,53.60000068E-6,47.20000076,
,,,54.00000009E-6,47.20000076,
,,,54.39999950E-6,47.20000076,
,,,54.799998907E-6,47.20000076,
,,,55.199998314E-6,47.20000076,
,,,55.600001360E-6,47.20000076,
,,,56.000000768E-6,47.20000076,
,,,56.400000176E-6,47.20000076,
,,,56.799999584E-6,47.20000076,
,,,57.199998992E-6,47.20000076,
,,,57.599998399E-6,47.20000076,
,,,58.000001445E-6,47.20000076,
,,,58.400000853E-6,46.40000153,
,,,58.800000261E-6,46.40000153,
,,,59.199999669E-6,47.20000076,
,,,59.599999076E-6,47.20000076,
,,,59.999998484E-6,47.20000076,
,,,60.400001530E-6,47.20000076,
,,,60.800000938E-6,47.20000076,
,,,61.200000346E-6,47.20000076,
,,,61.600003392E-6,47.20000076,
,,,61.999999161E-6,47.20000076,
,,,62.400002207E-6,47.20000076,
,,,62.799997977E-6,2.4000001,
,,,63.200001023E-6,1.6000000,
,,,63.599996793E-6,1.6000000,
,,,63.999999838E-6,1.6000000,
,,,64.400002884E-6,1.6000000,
,,,64.799998654E-6,1.6000000,
,,,65.200001700E-6,800.000011921E-3,
,,,65.599997470E-6,800.000011921E-3,
,,,66.000000515E-6,800.000011921E-3,
,,,66.400003561E-6,800.000011921E-3,
,,,66.799999331E-6,800.000011921E-3,
,,,67.200002377E-6,800.000011921E-3,
,,,67.599998147E-6,800.000011921E-3,
,,,68.000001193E-6,800.000011921E-3,
,,,68.399996962E-6,800.000011921E-3,
,,,68.800000008E-6,800.000011921E-3,
,,,69.200003054E-6,800.000011921E-3,
,,,69.599998824E-6,800.000011921E-3,
,,,70.000001870E-6,800.000011921E-3,
,,,70.399997639E-6,800.000011921E-3,
,,,70.800000685E-6,800.000011921E-3,
,,,71.199996455E-6,800.000011921E-3,
,,,71.599999501E-6,0.0,
,,,72.000002547E-6,800.000011921E-3,
,,,72.399998317E-6,0.0,
,,,72.800001362E-6,800.000011921E-3,
,,,73.199997132E-6,800.000011921E-3,
,,,73.600000178E-6,800.000011921E-3,
,,,74.000003224E-6,800.000011921E-3,
,,,74.399998994E-6,0.0,
,,,74.800002039E-6,800.000011921E-3,
,,,75.199997809E-6,800.000011921E-3,
,,,75.600000855E-6,0.0,
,,,75.999996625E-6,0.0,
,,,76.399999671E-6,800.000011921E-3,
,,,76.800002716E-6,800.000011921E-3,
,,,77.199998486E-6,800.000011921E-3,
,,,77.600001532E-6,800.000011921E-3,
,,,77.999997302E-6,800.000011921E-3,
,,,78.400000348E-6,800.000011921E-3,
,,,78.800003394E-6,800.000011921E-3,
,,,79.199999163E-6,800.000011921E-3,
,,,79.600002209E-6,800.000011921E-3,
,,,79.999997979E-6,0.0,
,,,80.400001025E-6,800.000011921E-3,
,,,80.799996795E-6,0.0,
,,,81.199999840E-6,0.0,
,,,81.600002886E-6,800.000011921E-3,
,,,81.999998656E-6,800.000011921E-3,
,,,82.400001702E-6,0.0,
,,,82.799997472E-6,800.000011921E-3,
,,,83.200000518E-6,800.000011921E-3,
,,,83.600003563E-6,800.000011921E-3,
,,,83.999999333E-6,800.000011921E-3,
,,,84.400002379E-6,800.000011921E-3,
,,,84.799998149E-6,0.0,
,,,85.200001195E-6,800.000011921E-3,
,,,85.599996964E-6,0.0,
,,,86.000000010E-6,800.000011921E-3,
,,,86.400003056E-6,0.0,
,,,86.799998826E-6,800.000011921E-3,
,,,87.200001872E-6,0.0,
,,,87.599997642E-6,800.000011921E-3,
,,,88.000000687E-6,0.0,
,,,88.400003733E-6,0.0,
,,,88.799999503E-6,0.0,
,,,89.200002549E-6,800.000011921E-3,
,,,89.599998319E-6,0.0,
,,,90.000001364E-6,800.000011921E-3,
,,,90.399997134E-6,800.000011921E-3,
,,,90.800000180E-6,800.000011921E-3,
,,,91.200003226E-6,0.0,
,,,91.599998996E-6,800.000011921E-3,
,,,92.000002041E-6,800.000011921E-3,
,,,92.399997811E-6,800.000011921E-3,
,,,92.800000857E-6,0.0,
,,,93.200003903E-6,800.000011921E-3,
,,,93.599999673E-6,0.0,
,,,94.000002719E-6,0.0,
,,,94.399998488E-6,800.000011921E-3,
,,,94.800001534E-6,800.000011921E-3,
,,,95.199997304E-6,0.0,
,,,95.600000350E-6,0.0,
,,,96.000003396E-6,800.000011921E-3,
,,,96.399999165E-6,0.0,
,,,96.800002211E-6,0.0,
,,,97.199997981E-6,800.000011921E-3,
,,,97.600001027E-6,800.000011921E-3,
,,,97.999996797E-6,0.0,
,,,98.399999843E-6,0.0,
,,,98.800002888E-6,0.0,
,,,99.199998658E-6,800.000011921E-3,
,,,99.600001704E-6,0.0,
,,,99.999997474E-6,800.000011921E-3,
,,,100.4000005E-6,800.000011921E-3,
,,,100.8000036E-6,0.0,
,,,101.1999993E-6,800.000011921E-3,
,,,101.6000024E-6,800.000011921E-3,
,,,101.9999982E-6,800.000011921E-3,
,,,102.4000012E-6,0.0,
,,,102.7999970E-6,0.0,
,,,103.2000000E-6,0.0,
,,,103.6000031E-6,0.0,
,,,103.9999988E-6,0.0,
,,,104.4000019E-6,0.0,
,,,104.7999976E-6,0.0,
,,,105.2000007E-6,0.0,
,,,105.6000037E-6,0.0,
,,,105.9999995E-6,0.0,
,,,106.4000026E-6,800.000011921E-3,
,,,106.7999983E-6,0.0,
,,,107.2000014E-6,0.0,
,,,107.5999971E-6,0.0,
,,,108.0000002E-6,0.0,
,,,108.4000032E-6,0.0,
,,,108.7999990E-6,800.000011921E-3,
,,,109.2000020E-6,0.0,
,,,109.5999978E-6,0.0,
,,,110.0000009E-6,0.0,
,,,110.4000039E-6,0.0,
,,,110.7999997E-6,0.0,
,,,111.2000027E-6,0.0,
,,,111.5999985E-6,0.0,
,,,112.0000015E-6,0.0,
,,,112.3999973E-6,0.0,
,,,112.8000004E-6,0.0,
,,,113.2000034E-6,0.0,
,,,113.5999992E-6,0.0,
,,,114.0000022E-6,0.0,
,,,114.3999980E-6,800.000011921E-3,
,,,114.8000010E-6,0.0,
,,,115.2000041E-6,0.0,
,,,115.5999998E-6,800.000011921E-3,
,,,116.0000029E-6,0.0,
,,,116.3999987E-6,0.0,
,,,116.8000017E-6,0.0,
,,,117.1999975E-6,0.0,
,,,117.6000005E-6,0.0,
,,,118.0000036E-6,0.0,
,,,118.3999993E-6,0.0,
,,,118.8000024E-6,0.0,
,,,119.1999982E-6,0.0,
,,,119.6000012E-6,0.0,
,,,119.9999970E-6,0.0,
,,,120.4000000E-6,0.0,
,,,120.8000031E-6,800.000011921E-3,
,,,121.1999988E-6,0.0,
,,,121.6000019E-6,0.0,
,,,121.9999976E-6,0.0,
,,,122.4000007E-6,800.000011921E-3,
,,,122.8000037E-6,800.000011921E-3,
,,,123.2000068E-6,0.0,
,,,123.5999953E-6,800.000011921E-3,
,,,123.9999983E-6,0.0,
,,,124.4000014E-6,0.0,
,,,124.8000044E-6,0.0,
,,,125.2000075E-6,0.0,
,,,125.5999960E-6,800.000011921E-3,
,,,125.9999990E-6,0.0,
,,,126.4000020E-6,800.000011921E-3,
,,,126.8000051E-6,0.0,
,,,127.1999936E-6,0.0,
,,,127.5999966E-6,0.0,
,,,127.9999997E-6,0.0,
,,,128.4000027E-6,0.0,
,,,128.8000058E-6,800.000011921E-3,
,,,129.1999943E-6,0.0,
,,,129.5999973E-6,0.0,
,,,130.0000004E-6,0.0,
,,,130.4000034E-6,0.0,
,,,130.8000064E-6,0.0,
,,,131.1999949E-6,0.0,
,,,131.5999980E-6,0.0,
,,,132.0000010E-6,800.000011921E-3,
,,,132.4000041E-6,0.0,
,,,132.8000071E-6,0.0,
,,,133.1999956E-6,0.0,
,,,133.5999987E-6,0.0,
,,,134.0000017E-6,0.0,
,,,134.4000048E-6,0.0,
,,,134.8000078E-6,0.0,
,,,135.1999963E-6,800.000011921E-3,
,,,135.5999993E-6,0.0,
,,,136.0000024E-6,0.0,
,,,136.4000054E-6,0.0,
,,,136.7999939E-6,0.0,
,,,137.1999970E-6,0.0,
,,,137.6000000E-6,0.0,
,,,138.0000031E-6,0.0,
,,,138.4000061E-6,0.0,
,,,138.7999946E-6,800.000011921E-3,
,,,139.1999976E-6,0.0,
,,,139.6000007E-6,0.0,
,,,140.0000037E-6,0.0,
,,,140.4000068E-6,800.000011921E-3,
,,,140.7999953E-6,800.000011921E-3,
,,,141.1999983E-6,0.0,
,,,141.6000014E-6,800.000011921E-3,
,,,142.0000044E-6,800.000011921E-3,
,,,142.4000075E-6,800.000011921E-3,
,,,142.7999960E-6,0.0,
,,,143.1999990E-6,800.000011921E-3,
,,,143.6000020E-6,0.0,
,,,144.0000051E-6,0.0,
,,,144.4000081E-6,800.000011921E-3,
,,,144.7999966E-6,0.0,
,,,145.1999997E-6,0.0,
,,,145.6000027E-6,800.000011921E-3,
,,,146.0000058E-6,0.0,
,,,146.3999943E-6,800.000011921E-3,
,,,146.7999973E-6,0.0,
,,,147.2000004E-6,0.0,
,,,147.6000034E-6,0.0,
,,,148.0000064E-6,0.0,
,,,148.3999949E-6,0.0,
,,,148.79999799E-6,0.0,
,,,149.20000103E-6,0.0,
,,,149.60000408E-6,0.0,
,,,150.00000712E-6,0.0,
,,,150.39999562E-6,0.0,
,,,150.79999866E-6,0.0,
,,,151.20000171E-6,0.0,
,,,151.60000476E-6,0.0,
,,,152.00000780E-6,800.000011921E-3,
,,,152.39999630E-6,0.0,
,,,152.79999934E-6,0.0,
,,,153.20000239E-6,0.0,
,,,153.60000543E-6,0.0,
,,,153.99999393E-6,800.000011921E-3,
,,,154.39999697E-6,0.0,
,,,154.80000002E-6,0.0,
,,,155.20000306E-6,0.0,
,,,155.60000611E-6,800.000011921E-3,
,,,155.99999460E-6,0.0,
,,,156.39999765E-6,0.0,
,,,156.80000070E-6,0.0,
,,,157.20000374E-6,0.0,
,,,157.60000679E-6,0.0,
,,,157.99999528E-6,0.0,
,,,158.39999833E-6,0.0,
,,,158.80000137E-6,0.0,
,,,159.20000442E-6,0.0,
,,,159.60000746E-6,0.0,
,,,159.99999596E-6,0.0,
,,,160.39999900E-6,0.0,
,,,160.80000205E-6,800.000011921E-3,
,,,161.20000510E-6,0.0,
,,,161.60000814E-6,0.0,
,,,161.99999664E-6,800.000011921E-3,
,,,162.39999968E-6,0.0,
,,,162.80000273E-6,0.0,
,,,163.20000577E-6,0.0,
,,,163.59999427E-6,0.0,
,,,163.99999731E-6,0.0,
,,,164.40000036E-6,0.0,
,,,164.80000340E-6,0.0,
,,,165.20000645E-6,0.0,
,,,165.59999494E-6,0.0,
,,,165.99999799E-6,0.0,
,,,166.40000104E-6,800.000011921E-3,
,,,166.80000408E-6,0.0,
,,,167.20000713E-6,0.0,
,,,167.59999562E-6,0.0,
,,,167.99999867E-6,0.0,
,,,168.40000171E-6,0.0,
,,,168.80000476E-6,0.0,
,,,169.20000780E-6,0.0,
,,,169.59999630E-6,0.0,
,,,169.99999934E-6,0.0,
,,,170.40000239E-6,0.0,
,,,170.80000544E-6,0.0,
,,,171.19999393E-6,0.0,
,,,171.59999697E-6,0.0,
,,,172.00000002E-6,0.0,
,,,172.40000307E-6,0.0,
,,,172.80000611E-6,0.0,
,,,173.19999461E-6,0.0,
,,,173.59999765E-6,0.0,
,,,174.00000070E-6,0.0,
,,,174.40000374E-6,0.0,
,,,174.80000679E-6,0.0,
,,,175.19999528E-6,0.0,
,,,175.59999833E-6,0.0,
,,,176.00000137E-6,0.0,
,,,176.40000442E-6,0.0,
,,,176.80000747E-6,0.0,
,,,177.19999596E-6,0.0,
,,,177.59999901E-6,0.0,
,,,178.00000205E-6,0.0,
,,,178.40000510E-6,0.0,
,,,178.80000814E-6,0.0,
,,,179.19999664E-6,0.0,
,,,179.59999968E-6,0.0,
,,,180.00000273E-6,0.0,
,,,180.40000577E-6,0.0,
,,,180.79999427E-6,0.0,
,,,181.19999731E-6,0.0,
,,,181.60000036E-6,800.000011921E-3,
,,,182.00000341E-6,0.0,
,,,182.40000645E-6,0.0,
,,,182.79999495E-6,0.0,
,,,183.19999799E-6,0.0,
,,,183.60000104E-6,0.0,
,,,184.00000408E-6,0.0,
,,,184.40000713E-6,0.0,
,,,184.79999562E-6,800.000011921E-3,
,,,185.19999867E-6,0.0,
,,,185.60000171E-6,0.0,
,,,186.00000476E-6,0.0,
,,,186.40000781E-6,0.0,
,,,186.79999630E-6,0.0,
,,,187.19999935E-6,0.0,
,,,187.60000239E-6,0.0,
,,,188.00000544E-6,800.000011921E-3,
,,,188.40000848E-6,0.0,
,,,188.79999698E-6,800.000011921E-3,
,,,189.20000002E-6,800.000011921E-3,
,,,189.60000307E-6,0.0,
,,,190.00000611E-6,0.0,
,,,190.39999461E-6,0.0,
,,,190.79999765E-6,800.000011921E-3,
,,,191.20000070E-6,0.0,
,,,191.60000375E-6,0.0,
,,,192.00000679E-6,0.0,
,,,192.39999529E-6,0.0,
,,,192.79999833E-6,0.0,
,,,193.20000138E-6,0.0,
,,,193.60000442E-6,0.0,
,,,194.00000747E-6,0.0,
,,,194.39999596E-6,0.0,
,,,194.79999901E-6,0.0,
,,,195.20000205E-6,0.0,
,,,195.60000510E-6,0.0,
,,,196.00000815E-6,800.000011921E-3,
,,,196.39999664E-6,0.0,
,,,196.79999969E-6,0.0,
,,,197.20000273E-6,800.000011921E-3,
,,,197.60000578E-6,0.0,
,,,197.99999427E-6,0.0,
,,,198.39999732E-6,0.0,
,,,198.80000036E-6,0.0,
,,,199.20000341E-6,0.0,
,,,199.60000645E-6,0.0,
,,,199.99999495E-6,0.0,
,,,200.39999799E-6,0.0,
,,,200.80000104E-6,0.0,
,,,201.20000408E-6,0.0,
,,,201.60000713E-6,0.0,
,,,201.99999562E-6,0.0,
,,,202.39999867E-6,800.000011921E-3,
,,,202.80000172E-6,0.0,
,,,203.20000476E-6,0.0,
,,,203.60000781E-6,0.0,
,,,203.99999630E-6,0.0,
,,,204.39999935E-6,0.0,
,,,204.80000239E-6,800.000011921E-3,
,,,205.20000544E-6,0.0,
,,,205.60000848E-6,800.000011921E-3,
,,,205.99999698E-6,0.0,
,,,206.40000002E-6,0.0,
,,,206.80000307E-6,0.0,
,,,207.20000612E-6,800.000011921E-3,
,,,207.59999461E-6,0.0,
,,,207.99999766E-6,0.0,
,,,208.40000070E-6,800.000011921E-3,
,,,208.80000375E-6,0.0,
,,,209.20000679E-6,0.0,
,,,209.59999529E-6,0.0,
,,,209.99999833E-6,0.0,
,,,210.40000138E-6,0.0,
,,,210.80000442E-6,0.0,
,,,211.20000747E-6,0.0,
,,,211.59999596E-6,0.0,
,,,211.99999901E-6,0.0,
,,,212.40000206E-6,0.0,
,,,212.80000510E-6,0.0,
,,,213.20000815E-6,0.0,
,,,213.59999664E-6,800.000011921E-3,
,,,213.99999969E-6,0.0,
,,,214.40000273E-6,0.0,
,,,214.80000578E-6,0.0,
,,,215.20000882E-6,0.0,
,,,215.59999732E-6,0.0,
,,,216.00000036E-6,800.000011921E-3,
,,,216.40000341E-6,0.0,
,,,216.80000646E-6,0.0,
,,,217.19999495E-6,0.0,
,,,217.59999800E-6,0.0,
,,,218.00000104E-6,0.0,
,,,218.40000409E-6,0.0,
,,,218.80000713E-6,0.0,
,,,219.19999563E-6,0.0,
,,,219.59999867E-6,0.0,
,,,220.00000172E-6,0.0,
,,,220.40000476E-6,0.0,
,,,220.80000781E-6,0.0,
,,,221.19999630E-6,0.0,
,,,221.59999935E-6,800.000011921E-3,
,,,222.00000240E-6,0.0,
,,,222.40000544E-6,0.0,
,,,222.80000849E-6,0.0,
,,,223.19999698E-6,0.0,
,,,223.60000003E-6,0.0,
,,,224.00000307E-6,0.0,
,,,224.40000612E-6,0.0,
,,,224.79999461E-6,0.0,
,,,225.19999766E-6,0.0,
,,,225.60000070E-6,0.0,
,,,226.00000375E-6,0.0,
,,,226.40000680E-6,0.0,
,,,226.79999529E-6,0.0,
,,,227.19999833E-6,0.0,
,,,227.60000138E-6,0.0,
,,,228.00000443E-6,0.0,
,,,228.40000747E-6,0.0,
,,,228.79999597E-6,0.0,
,,,229.19999901E-6,0.0,
,,,229.60000206E-6,0.0,
,,,230.00000510E-6,0.0,
,,,230.40000815E-6,0.0,
,,,230.79999664E-6,0.0,
,,,231.19999969E-6,0.0,
,,,231.60000273E-6,0.0,
,,,232.00000578E-6,0.0,
,,,232.40000883E-6,0.0,
,,,232.79999732E-6,0.0,
,,,233.20000037E-6,0.0,
,,,233.60000341E-6,0.0,
,,,234.00000646E-6,0.0,
,,,234.39999495E-6,0.0,
,,,234.79999800E-6,0.0,
,,,235.20000104E-6,0.0,
,,,235.60000409E-6,0.0,
,,,236.00000713E-6,800.000011921E-3,
,,,236.39999563E-6,0.0,
,,,236.79999867E-6,0.0,
,,,237.20000172E-6,0.0,
,,,237.60000477E-6,800.000011921E-3,
,,,238.00000781E-6,0.0,
,,,238.39999631E-6,0.0,
,,,238.79999935E-6,0.0,
,,,239.20000240E-6,800.000011921E-3,
,,,239.60000544E-6,0.0,
,,,240.00000849E-6,0.0,
,,,240.39999698E-6,0.0,
,,,240.80000003E-6,0.0,
,,,241.20000307E-6,0.0,
,,,241.60000612E-6,0.0,
,,,242.00000917E-6,0.0,
,,,242.39999766E-6,0.0,
,,,242.80000071E-6,0.0,
,,,243.20000375E-6,0.0,
,,,243.60000680E-6,0.0,
,,,243.99999529E-6,0.0,
,,,244.39999834E-6,0.0,
,,,244.80000138E-6,0.0,
,,,245.20000443E-6,0.0,
,,,245.60000747E-6,800.000011921E-3,
,,,246.00001052E-6,0.0,
,,,246.40001357E-6,0.0,
,,,246.80001661E-6,0.0,
,,,247.19999055E-6,0.0,
,,,247.59999360E-6,0.0,
,,,247.99999665E-6,0.0,
,,,248.39999969E-6,0.0,
,,,248.80000274E-6,0.0,
,,,249.20000578E-6,0.0,
,,,249.60000883E-6,0.0,
,,,250.00001187E-6,0.0,
,,,250.40001492E-6,800.000011921E-3,
,,,250.79998886E-6,0.0,
,,,251.19999191E-6,0.0,
,,,251.59999495E-6,0.0,
,,,251.99999800E-6,0.0,
,,,252.40000105E-6,0.0,
,,,252.80000409E-6,0.0,
,,,253.20000714E-6,0.0,
,,,253.60001018E-6,0.0,
,,,254.00001323E-6,0.0,
,,,254.40001627E-6,0.0,
,,,254.79999022E-6,0.0,
,,,255.19999326E-6,0.0,
,,,255.59999631E-6,0.0,
,,,255.99999935E-6,0.0,
,,,256.40000240E-6,0.0,
,,,256.80000545E-6,0.0,
,,,257.20000849E-6,0.0,
,,,257.60001154E-6,0.0,
,,,258.00001458E-6,800.000011921E-3,
,,,258.39998852E-6,0.0,
,,,258.79999157E-6,0.0,
,,,259.19999462E-6,0.0,
,,,259.59999766E-6,0.0,
,,,260.00000071E-6,0.0,
,,,260.40000375E-6,0.0,
,,,260.80000680E-6,0.0,
,,,261.20000985E-6,800.000011921E-3,
,,,261.60001289E-6,0.0,
,,,262.00001594E-6,0.0,
,,,262.39998988E-6,0.0,
,,,262.79999292E-6,0.0,
,,,263.19999597E-6,0.0,
,,,263.59999902E-6,800.000011921E-3,
,,,264.00000206E-6,800.000011921E-3,
,,,264.40000511E-6,0.0,
,,,264.80000815E-6,0.0,
,,,265.20001120E-6,0.0,
,,,265.60001425E-6,0.0,
,,,265.99998819E-6,0.0,
,,,266.39999123E-6,0.0,
,,,266.79999428E-6,0.0,
,,,267.19999732E-6,0.0,
,,,267.60000037E-6,0.0,
,,,268.00000342E-6,0.0,
,,,268.40000646E-6,0.0,
,,,268.80000951E-6,0.0,
,,,269.20001255E-6,0.0,
,,,269.60001560E-6,0.0,
,,,269.99998954E-6,0.0,
,,,270.39999259E-6,0.0,
,,,270.79999563E-6,0.0,
,,,271.19999868E-6,0.0,
,,,271.60000172E-6,0.0,
,,,272.00000477E-6,0.0,
,,,272.40000782E-6,0.0,
,,,272.80001086E-6,0.0,
,,,273.20001391E-6,0.0,
,,,273.59998785E-6,800.000011921E-3,
,,,273.99999090E-6,0.0,
,,,274.39999394E-6,0.0,
,,,274.79999699E-6,0.0,
,,,275.20000003E-6,800.000011921E-3,
,,,275.60000308E-6,0.0,
,,,276.00000612E-6,0.0,
,,,276.40000917E-6,800.000011921E-3,
,,,276.80001222E-6,0.0,
,,,277.20001526E-6,800.000011921E-3,
,,,277.59998920E-6,800.000011921E-3,
,,,277.99999225E-6,0.0,
,,,278.39999530E-6,0.0,
,,,278.79999834E-6,0.0,
,,,279.20000139E-6,0.0,
,,,279.60000443E-6,800.000011921E-3,
,,,280.00000748E-6,0.0,
,,,280.40001052E-6,0.0,
,,,280.80001357E-6,0.0,
,,,281.20001662E-6,0.0,
,,,281.59999056E-6,800.000011921E-3,
,,,281.99999360E-6,0.0,
,,,282.39999665E-6,0.0,
,,,282.79999970E-6,800.000011921E-3,
,,,283.20000274E-6,0.0,
,,,283.60000579E-6,0.0,
,,,284.00000883E-6,800.000011921E-3,
,,,284.40001188E-6,0.0,
,,,284.80001492E-6,0.0,
,,,285.19998887E-6,0.0,
,,,285.59999191E-6,0.0,
,,,285.99999496E-6,0.0,
,,,286.39999800E-6,0.0,
,,,286.80000105E-6,0.0,
,,,287.20000410E-6,0.0,
,,,287.60000714E-6,0.0,
,,,288.00001019E-6,0.0,
,,,288.40001323E-6,0.0,
,,,288.80001628E-6,0.0,
,,,289.19999022E-6,0.0,
,,,289.59999327E-6,0.0,
,,,289.99999631E-6,0.0,
,,,290.39999936E-6,0.0,
,,,290.80000240E-6,0.0,
,,,291.20000545E-6,0.0,
,,,291.60000850E-6,0.0,
,,,292.00001154E-6,0.0,
,,,292.40001459E-6,0.0,
,,,292.79998853E-6,0.0,
,,,293.19999157E-6,0.0,
,,,293.59999462E-6,0.0,
,,,293.99999767E-6,0.0,
,,,294.40000071E-6,0.0,
,,,294.80000376E-6,0.0,
,,,295.20000680E-6,0.0,
,,,295.60000985E-6,0.0,
,,,296.00001290E-6,0.0,
,,,296.40001594E-6,0.0,
,,,296.79998988E-6,0.0,
,,,297.19999293E-6,0.0,
,,,297.59999597E-6,0.0,
,,,297.99999902E-6,0.0,
,,,298.40000207E-6,800.000011921E-3,
,,,298.80000511E-6,0.0,
,,,299.20000816E-6,0.0,
,,,299.60001120E-6,800.000011921E-3,
,,,300.00001425E-6,0.0,
,,,300.39998819E-6,0.0,
,,,300.79999124E-6,0.0,
,,,301.19999428E-6,0.0,
,,,301.59999733E-6,0.0,
,,,302.00000037E-6,0.0,
,,,302.40000342E-6,800.000011921E-3,
,,,302.80000647E-6,800.000011921E-3,
,,,303.20000951E-6,800.000011921E-3,
,,,303.60001256E-6,0.0,
,,,304.00001560E-6,0.0,
,,,304.39998955E-6,0.0,
,,,304.79999259E-6,0.0,
,,,305.19999564E-6,0.0,
,,,305.59999868E-6,0.0,
,,,306.00000173E-6,0.0,
,,,306.40000477E-6,0.0,
,,,306.80000782E-6,0.0,
,,,307.20001087E-6,0.0,
,,,307.60001391E-6,0.0,
,,,308.00001696E-6,0.0,
,,,308.39999090E-6,0.0,
,,,308.79999395E-6,0.0,
,,,309.19999699E-6,0.0,
,,,309.60000004E-6,0.0,
,,,310.00000308E-6,0.0,
,,,310.40000613E-6,0.0,
,,,310.80000917E-6,0.0,
,,,311.20001222E-6,0.0,
,,,311.60001527E-6,0.0,
,,,311.99998921E-6,0.0,
,,,312.39999225E-6,0.0,
,,,312.79999530E-6,0.0,
,,,313.19999835E-6,0.0,
,,,313.60000139E-6,0.0,
,,,314.00000444E-6,0.0,
,,,314.40000748E-6,800.000011921E-3,
,,,314.80001053E-6,800.000011921E-3,
,,,315.20001357E-6,0.0,
,,,315.60001662E-6,800.000011921E-3,
,,,315.99999056E-6,0.0,
,,,316.39999361E-6,0.0,
,,,316.79999665E-6,0.0,
,,,317.19999970E-6,800.000011921E-3,
,,,317.60000275E-6,800.000011921E-3,
,,,318.00000579E-6,0.0,
,,,318.40000884E-6,0.0,
,,,318.80001188E-6,0.0,
,,,319.20001493E-6,0.0,
,,,319.59998887E-6,0.0,
,,,319.99999192E-6,0.0,
,,,320.39999496E-6,800.000011921E-3,
,,,320.79999801E-6,0.0,
,,,321.20000105E-6,0.0,
,,,321.60000410E-6,0.0,
,,,322.00000715E-6,0.0,
,,,322.40001019E-6,0.0,
,,,322.80001324E-6,0.0,
,,,323.20001628E-6,0.0,
,,,323.59999022E-6,0.0,
,,,323.99999327E-6,0.0,
,,,324.39999632E-6,800.000011921E-3,
,,,324.79999936E-6,0.0,
,,,325.20000241E-6,0.0,
,,,325.60000545E-6,0.0,
,,,326.00000850E-6,800.000011921E-3,
,,,326.40001155E-6,0.0,
,,,326.80001459E-6,0.0,
,,,327.19998853E-6,0.0,
,,,327.59999158E-6,0.0,
,,,327.99999462E-6,0.0,
,,,328.39999767E-6,0.0,
,,,328.80000072E-6,0.0,
,,,329.20000376E-6,0.0,
,,,329.60000681E-6,0.0,
,,,330.00000985E-6,0.0,
,,,330.40001290E-6,0.0,
,,,330.80001594E-6,0.0,
,,,331.19998989E-6,0.0,
,,,331.59999293E-6,800.000011921E-3,
,,,331.99999598E-6,0.0,
,,,332.39999902E-6,800.000011921E-3,
,,,332.80000207E-6,0.0,
,,,333.20000512E-6,0.0,
,,,333.60000816E-6,0.0,
,,,334.00001121E-6,0.0,
,,,334.40001425E-6,0.0,
,,,334.80001730E-6,0.0,
,,,335.19999124E-6,0.0,
,,,335.59999429E-6,0.0,
,,,335.99999733E-6,0.0,
,,,336.40000038E-6,0.0,
,,,336.80000342E-6,0.0,
,,,337.20000647E-6,0.0,
,,,337.60000952E-6,0.0,
,,,338.00001256E-6,0.0,
,,,338.40001561E-6,0.0,
,,,338.79998955E-6,0.0,
,,,339.19999260E-6,0.0,
,,,339.59999564E-6,0.0,
,,,339.99999869E-6,800.000011921E-3,
,,,340.40000173E-6,0.0,
,,,340.80000478E-6,0.0,
,,,341.20000782E-6,0.0,
,,,341.60001087E-6,0.0,
,,,342.00001392E-6,0.0,
,,,342.40001696E-6,800.000011921E-3,
,,,342.79999090E-6,0.0,
,,,343.19999395E-6,0.0,
,,,343.59999700E-6,800.000011921E-3,
,,,344.00000004E-6,0.0,
,,,344.40000309E-6,0.0,
,,,344.80000613E-6,800.000011921E-3,
,,,345.20000918E-6,0.0,
,,,345.60001222E-6,0.0,
,,,346.00001527E-6,0.0,
,,,346.39998921E-6,0.0,
,,,346.79999226E-6,0.0,
,,,347.19999530E-6,0.0,
,,,347.59999835E-6,800.000011921E-3,
,,,348.00000140E-6,0.0,
,,,348.40000444E-6,0.0,
,,,348.80000749E-6,0.0,
,,,349.20001053E-6,0.0,
,,,349.60001358E-6,0.0,
,,,350.00001662E-6,0.0,
,,,350.39999057E-6,0.0,
,,,350.79999361E-6,0.0,
,,,351.19999666E-6,0.0,
,,,351.59999970E-6,0.0,
,,,352.00000275E-6,0.0,
,,,352.40000580E-6,0.0,
,,,352.80000884E-6,0.0,
,,,353.20001189E-6,0.0,
,,,353.60001493E-6,0.0,
,,,353.99998887E-6,0.0,
,,,354.39999192E-6,0.0,
,,,354.79999497E-6,0.0,
,,,355.19999801E-6,0.0,
,,,355.60000106E-6,0.0,
,,,356.00000410E-6,0.0,
,,,356.40000715E-6,800.000011921E-3,
,,,356.80001020E-6,0.0,
,,,357.20001324E-6,800.000011921E-3,
,,,357.60001629E-6,0.0,
,,,357.99999023E-6,0.0,
,,,358.39999327E-6,0.0,
,,,358.79999632E-6,0.0,
,,,359.19999937E-6,0.0,
,,,359.60000241E-6,0.0,
,,,360.00000546E-6,0.0,
,,,360.40000850E-6,800.000011921E-3,
,,,360.80001155E-6,800.000011921E-3,
,,,361.20001459E-6,0.0,
,,,361.60001764E-6,0.0,
,,,361.99999158E-6,0.0,
,,,362.39999463E-6,0.0,
,,,362.79999767E-6,0.0,
,,,363.20000072E-6,800.000011921E-3,
,,,363.60000377E-6,0.0,
,,,364.00000681E-6,0.0,
,,,364.40000986E-6,0.0,
,,,364.80001290E-6,0.0,
,,,365.20001595E-6,800.000011921E-3,
,,,365.59998989E-6,0.0,
,,,365.99999294E-6,800.000011921E-3,
,,,366.39999598E-6,0.0,
,,,366.79999903E-6,800.000011921E-3,
,,,367.20000207E-6,800.000011921E-3,
,,,367.60000512E-6,0.0,
,,,368.00000817E-6,800.000011921E-3,
,,,368.40001121E-6,0.0,
,,,368.80001426E-6,800.000011921E-3,
,,,369.20001730E-6,800.000011921E-3,
,,,369.59999125E-6,0.0,
,,,369.99999429E-6,0.0,
,,,370.39999734E-6,0.0,
,,,370.80000038E-6,0.0,
,,,371.20000343E-6,0.0,
,,,371.60000647E-6,0.0,
,,,372.00000952E-6,0.0,
,,,372.40001257E-6,0.0,
,,,372.80001561E-6,0.0,
,,,373.19998955E-6,0.0,
,,,373.59999260E-6,0.0,
,,,373.99999565E-6,0.0,
,,,374.39999869E-6,0.0,
,,,374.80000174E-6,0.0,
,,,375.20000478E-6,0.0,
,,,375.60000783E-6,0.0,
,,,376.00001087E-6,0.0,
,,,376.40001392E-6,800.000011921E-3,
,,,376.80001697E-6,0.0,
,,,377.19999091E-6,800.000011921E-3,
,,,377.59999395E-6,800.000011921E-3,
,,,377.99999700E-6,0.0,
,,,378.40000005E-6,0.0,
,,,378.80000309E-6,0.0,
,,,379.20000614E-6,0.0,
,,,379.60000918E-6,0.0,
,,,380.00001223E-6,0.0,
,,,380.40001527E-6,0.0,
,,,380.79998922E-6,0.0,
,,,381.19999226E-6,0.0,
,,,381.59999531E-6,0.0,
,,,381.99999835E-6,0.0,
,,,382.40000140E-6,800.000011921E-3,
,,,382.80000445E-6,0.0,
,,,383.20000749E-6,0.0,
,,,383.60001054E-6,0.0,
,,,384.00001358E-6,0.0,
,,,384.40001663E-6,0.0,
,,,384.79999057E-6,800.000011921E-3,
,,,385.19999362E-6,0.0,
,,,385.59999666E-6,0.0,
,,,385.99999971E-6,800.000011921E-3,
,,,386.40000275E-6,0.0,
,,,386.80000580E-6,0.0,
,,,387.20000884E-6,0.0,
,,,387.60001189E-6,0.0,
,,,388.00001494E-6,0.0,
,,,388.40001798E-6,0.0,
,,,388.79999192E-6,800.000011921E-3,
,,,389.19999497E-6,0.0,
,,,389.59999802E-6,0.0,
,,,390.00000106E-6,0.0,
,,,390.40000411E-6,0.0,
,,,390.80000715E-6,0.0,
,,,391.20001020E-6,800.000011921E-3,
,,,391.60001324E-6,0.0,
,,,392.00001629E-6,0.0,
,,,392.39999023E-6,0.0,
,,,392.79999328E-6,0.0,
,,,393.19999632E-6,0.0,
,,,393.59999937E-6,0.0,
,,,394.00000242E-6,800.000011921E-3,
,,,394.40000546E-6,0.0,
,,,394.80000851E-6,0.0,
,,,395.20001155E-6,0.0,
,,,395.60001460E-6,800.000011921E-3,
,,,396.00001764E-6,800.000011921E-3,
,,,396.39999159E-6,0.0,
,,,396.79999463E-6,0.0,
,,,397.19999768E-6,0.0,
,,,397.60000072E-6,800.000011921E-3,
,,,398.00000377E-6,0.0,
,,,398.40000682E-6,0.0,
,,,398.80000986E-6,0.0,
,,,399.20001291E-6,800.000011921E-3,
,,,399.60001595E-6,0.0,
,,,399.99998990E-6,0.0,
,,,400.39999294E-6,0.0,
,,,400.79999599E-6,0.0,
,,,401.19999903E-6,0.0,
,,,401.60000208E-6,0.0,
,,,402.00000512E-6,0.0,
,,,402.40000817E-6,0.0,
,,,402.80001122E-6,800.000011921E-3,
,,,403.20001426E-6,0.0,
,,,403.600017307E-6,800.000011921E-3,
,,,403.999991249E-6,0.0,
,,,404.399994295E-6,0.0,
,,,404.799997341E-6,800.000011921E-3,
,,,405.200000387E-6,0.0,
,,,405.600003432E-6,0.0,
,,,406.000006478E-6,0.0,
,,,406.400009524E-6,0.0,
,,,406.800012570E-6,0.0,
,,,407.200015616E-6,0.0,
,,,407.599989558E-6,0.0,
,,,407.999992603E-6,0.0,
,,,408.399995649E-6,800.000011921E-3,
,,,408.799998695E-6,800.000011921E-3,
,,,409.200001741E-6,0.0,
,,,409.600004787E-6,0.0,
,,,410.000007832E-6,0.0,
,,,410.400010878E-6,800.000011921E-3,
,,,410.800013924E-6,800.000011921E-3,
,,,411.200016970E-6,800.000011921E-3,
,,,411.599990912E-6,0.0,
,,,411.999993958E-6,0.0,
,,,412.399997003E-6,800.000011921E-3,
,,,412.800000049E-6,0.0,
,,,413.200003095E-6,0.0,
,,,413.600006141E-6,0.0,
,,,414.000009187E-6,800.000011921E-3,
,,,414.400012232E-6,0.0,
,,,414.800015278E-6,0.0,
,,,415.200018324E-6,0.0,
,,,415.599992266E-6,0.0,
,,,415.999995312E-6,0.0,
,,,416.399998358E-6,0.0,
,,,416.800001403E-6,0.0,
,,,417.200004449E-6,800.000011921E-3,
,,,417.600007495E-6,800.000011921E-3,
,,,418.000010541E-6,0.0,
,,,418.400013587E-6,0.0,
,,,418.800016632E-6,0.0,
,,,419.199990574E-6,800.000011921E-3,
,,,419.599993620E-6,800.000011921E-3,
,,,419.999996666E-6,0.0,
,,,420.399999712E-6,0.0,
,,,420.800002757E-6,0.0,
,,,421.200005803E-6,0.0,
,,,421.600008849E-6,0.0,
,,,422.000011895E-6,0.0,
,,,422.400014941E-6,0.0,
,,,422.800017986E-6,0.0,
,,,423.199991928E-6,0.0,
,,,423.599994974E-6,0.0,
,,,423.999998020E-6,0.0,
,,,424.400001066E-6,0.0,
,,,424.800004112E-6,0.0,
,,,425.200007157E-6,0.0,
,,,425.600010203E-6,0.0,
,,,426.000013249E-6,0.0,
,,,426.400016295E-6,0.0,
,,,426.799990237E-6,0.0,
,,,427.199993283E-6,0.0,
,,,427.599996328E-6,0.0,
,,,427.999999374E-6,0.0,
,,,428.400002420E-6,0.0,
,,,428.800005466E-6,0.0,
,,,429.200008512E-6,0.0,
,,,429.600011557E-6,0.0,
,,,430.000014603E-6,0.0,
,,,430.400017649E-6,0.0,
,,,430.799991591E-6,0.0,
,,,431.199994637E-6,800.000011921E-3,
,,,431.599997682E-6,0.0,
,,,432.000000728E-6,0.0,
,,,432.400003774E-6,0.0,
,,,432.800006820E-6,800.000011921E-3,
,,,433.200009866E-6,0.0,
,,,433.600012911E-6,0.0,
,,,434.000015957E-6,0.0,
,,,434.399989899E-6,0.0,
,,,434.799992945E-6,0.0,
,,,435.199995991E-6,800.000011921E-3,
,,,435.599999037E-6,800.000011921E-3,
,,,436.000002082E-6,0.0,
,,,436.400005128E-6,0.0,
,,,436.800008174E-6,0.0,
,,,437.200011220E-6,0.0,
,,,437.600014266E-6,800.000011921E-3,
,,,438.000017311E-6,0.0,
,,,438.399991253E-6,800.000011921E-3,
,,,438.799994299E-6,0.0,
,,,439.199997345E-6,800.000011921E-3,
,,,439.600000391E-6,0.0,
,,,440.000003437E-6,0.0,
,,,440.400006482E-6,0.0,
,,,440.800009528E-6,0.0,
,,,441.200012574E-6,800.000011921E-3,
,,,441.600015620E-6,0.0,
,,,442.000018666E-6,0.0,
,,,442.399992608E-6,800.000011921E-3,
,,,442.799995653E-6,0.0,
,,,443.199998699E-6,0.0,
,,,443.600001745E-6,0.0,
,,,444.000004791E-6,0.0,
,,,444.400007837E-6,0.0,
,,,444.800010882E-6,0.0,
,,,445.200013928E-6,0.0,
,,,445.600016974E-6,0.0,
,,,445.999990916E-6,0.0,
,,,446.399993962E-6,0.0,
,,,446.799997007E-6,0.0,
,,,447.200000053E-6,800.000011921E-3,
,,,447.600003099E-6,0.0,
,,,448.000006145E-6,0.0,
,,,448.400009191E-6,0.0,
,,,448.800012236E-6,0.0,
,,,449.200015282E-6,0.0,
,,,449.600018328E-6,0.0,
,,,449.999992270E-6,0.0,
,,,450.399995316E-6,0.0,
,,,450.799998362E-6,0.0,
,,,451.200001407E-6,0.0,
,,,451.600004453E-6,0.0,
,,,452.000007499E-6,0.0,
,,,452.400010545E-6,0.0,
,,,452.800013591E-6,800.000011921E-3,
,,,453.200016636E-6,0.0,
,,,453.599990578E-6,800.000011921E-3,
,,,453.999993624E-6,0.0,
,,,454.399996670E-6,0.0,
,,,454.799999716E-6,0.0,
,,,455.200002762E-6,0.0,
,,,455.600005807E-6,0.0,
,,,456.000008853E-6,0.0,
,,,456.400011899E-6,0.0,
,,,456.800014945E-6,0.0,
,,,457.200017991E-6,0.0,
,,,457.599991933E-6,0.0,
,,,457.999994978E-6,0.0,
,,,458.399998024E-6,0.0,
,,,458.800001070E-6,0.0,
,,,459.200004116E-6,800.000011921E-3,
,,,459.600007161E-6,0.0,
,,,460.000010207E-6,800.000011921E-3,
,,,460.400013253E-6,0.0,
,,,460.800016299E-6,0.0,
,,,461.199990241E-6,0.0,
,,,461.599993287E-6,800.000011921E-3,
,,,461.999996332E-6,0.0,
,,,462.399999378E-6,0.0,
,,,462.800002424E-6,0.0,
,,,463.200005470E-6,0.0,
,,,463.600008516E-6,0.0,
,,,464.000011561E-6,0.0,
,,,464.400014607E-6,0.0,
,,,464.800017653E-6,0.0,
,,,465.199991595E-6,0.0,
,,,465.599994641E-6,800.000011921E-3,
,,,465.999997687E-6,0.0,
,,,466.400000732E-6,800.000011921E-3,
,,,466.800003778E-6,0.0,
,,,467.200006824E-6,0.0,
,,,467.600009870E-6,0.0,
,,,468.000012916E-6,0.0,
,,,468.400015961E-6,0.0,
,,,468.800019007E-6,0.0,
,,,469.199992949E-6,0.0,
,,,469.599995995E-6,0.0,
,,,469.999999041E-6,0.0,
,,,470.400002087E-6,0.0,
,,,470.800005132E-6,800.000011921E-3,
,,,471.200008178E-6,0.0,
,,,471.600011224E-6,0.0,
,,,472.000014270E-6,0.0,
,,,472.400017316E-6,0.0,
,,,472.799991257E-6,0.0,
,,,473.199994303E-6,0.0,
,,,473.599997349E-6,0.0,
,,,474.000000395E-6,0.0,
,,,474.400003441E-6,0.0,
,,,474.800006486E-6,0.0,
,,,475.200009532E-6,0.0,
,,,475.600012578E-6,0.0,
,,,476.000015624E-6,0.0,
,,,476.400018670E-6,0.0,
,,,476.799992612E-6,0.0,
,,,477.199995657E-6,800.000011921E-3,
,,,477.599998703E-6,0.0,
,,,478.000001749E-6,0.0,
,,,478.400004795E-6,0.0,
,,,478.800007841E-6,0.0,
,,,479.200010886E-6,800.000011921E-3,
,,,479.600013932E-6,0.0,
,,,480.000016978E-6,800.000011921E-3,
,,,480.399990920E-6,0.0,
,,,480.799993966E-6,0.0,
,,,481.199997012E-6,800.000011921E-3,
,,,481.600000057E-6,0.0,
,,,482.000003103E-6,0.0,
,,,482.400006149E-6,0.0,
,,,482.800009195E-6,800.000011921E-3,
,,,483.200012241E-6,0.0,
,,,483.600015286E-6,0.0,
,,,484.000018332E-6,0.0,
,,,484.399992274E-6,0.0,
,,,484.799995320E-6,800.000011921E-3,
,,,485.199998366E-6,0.0,
,,,485.600001412E-6,0.0,
,,,486.000004457E-6,0.0,
,,,486.400007503E-6,800.000011921E-3,
,,,486.800010549E-6,0.0,
,,,487.200013595E-6,0.0,
,,,487.600016640E-6,0.0,
,,,487.999990582E-6,0.0,
,,,488.399993628E-6,0.0,
,,,488.799996674E-6,0.0,
,,,489.199999720E-6,800.000011921E-3,
,,,489.600002766E-6,0.0,
,,,490.000005811E-6,0.0,
,,,490.400008857E-6,0.0,
,,,490.800011903E-6,0.0,
,,,491.200014949E-6,0.0,
,,,491.600017995E-6,0.0,
,,,492.000021040E-6,800.000011921E-3,
,,,492.400024086E-6,0.0,
,,,492.800027132E-6,0.0,
,,,493.200030178E-6,800.000011921E-3,
,,,493.600033224E-6,0.0,
,,,493.999978062E-6,0.0,
,,,494.399981108E-6,0.0,
,,,494.799984153E-6,800.000011921E-3,
,,,495.199987199E-6,0.0,
,,,495.599990245E-6,0.0,
,,,495.999993291E-6,0.0,
,,,496.399996337E-6,0.0,
,,,496.799999382E-6,0.0,
,,,497.200002428E-6,0.0,
,,,497.600005474E-6,0.0,
,,,498.000008520E-6,0.0,
,,,498.400011566E-6,800.000011921E-3,
,,,498.800014611E-6,0.0,
,,,499.200017657E-6,0.0,
,,,499.600020703E-6,0.0,
,,,500.000023749E-6,0.0,
,,,500.400026795E-6,0.0,
,,,500.800029840E-6,0.0,
,,,501.200032886E-6,800.000011921E-3,
,,,501.599977724E-6,0.0,
,,,501.999980770E-6,800.000011921E-3,
,,,502.399983816E-6,0.0,
,,,502.799986862E-6,0.0,
,,,503.199989907E-6,0.0,
,,,503.599992953E-6,0.0,
,,,503.999995999E-6,0.0,
,,,504.399999045E-6,0.0,
,,,504.800002091E-6,0.0,
,,,505.200005136E-6,800.000011921E-3,
,,,505.600008182E-6,0.0,
,,,506.000011228E-6,0.0,
,,,506.400014274E-6,0.0,
,,,506.800017320E-6,0.0,
,,,507.200020365E-6,0.0,
,,,507.600023411E-6,800.000011921E-3,
,,,508.000026457E-6,0.0,
,,,508.400029503E-6,0.0,
,,,508.800032549E-6,0.0,
,,,509.199977387E-6,0.0,
,,,509.599980433E-6,0.0,
,,,509.999983478E-6,0.0,
,,,510.399986524E-6,0.0,
,,,510.799989570E-6,0.0,
,,,511.199992616E-6,0.0,
,,,511.599995662E-6,0.0,
,,,511.999998707E-6,0.0,
,,,512.400001753E-6,0.0,
,,,512.800004799E-6,800.000011921E-3,
,,,513.200007845E-6,0.0,
,,,513.600010891E-6,0.0,
,,,514.000013936E-6,0.0,
,,,514.400016982E-6,0.0,
,,,514.800020028E-6,0.0,
,,,515.200023074E-6,0.0,
,,,515.600026120E-6,0.0,
,,,516.000029165E-6,0.0,
,,,516.400032211E-6,0.0,
,,,516.799977049E-6,0.0,
,,,517.199980095E-6,0.0,
,,,517.599983141E-6,800.000011921E-3,
,,,517.999986187E-6,0.0,
,,,518.399989232E-6,0.0,
,,,518.799992278E-6,0.0,
,,,519.199995324E-6,0.0,
,,,519.599998370E-6,0.0,
,,,520.000001416E-6,0.0,
,,,520.400004461E-6,0.0,
,,,520.800007507E-6,0.0,
,,,521.200010553E-6,0.0,
,,,521.600013599E-6,0.0,
,,,522.000016645E-6,0.0,
,,,522.400019690E-6,0.0,
,,,522.800022736E-6,0.0,
,,,523.200025782E-6,0.0,
,,,523.600028828E-6,0.0,
,,,524.000031874E-6,0.0,
,,,524.399976712E-6,800.000011921E-3,
,,,524.799979758E-6,0.0,
,,,525.199982803E-6,0.0,
,,,525.599985849E-6,0.0,
,,,525.999988895E-6,0.0,
,,,526.399991941E-6,0.0,
,,,526.799994987E-6,0.0,
,,,527.199998032E-6,0.0,
,,,527.600001078E-6,0.0,
,,,528.000004124E-6,800.000011921E-3,
,,,528.400007170E-6,0.0,
,,,528.800010215E-6,0.0,
,,,529.200013261E-6,0.0,
,,,529.600016307E-6,0.0,
,,,530.000019353E-6,0.0,
,,,530.400022399E-6,0.0,
,,,530.800025444E-6,0.0,
,,,531.200028490E-6,0.0,
,,,531.600031536E-6,0.0,
,,,531.999976374E-6,800.000011921E-3,
,,,532.399979420E-6,0.0,
,,,532.799982466E-6,800.000011921E-3,
,,,533.199985512E-6,0.0,
,,,533.599988557E-6,0.0,
,,,533.999991603E-6,0.0,
,,,534.399994649E-6,0.0,
,,,534.799997695E-6,0.0,
,,,535.200000741E-6,0.0,
,,,535.600003786E-6,0.0,
,,,536.000006832E-6,0.0,
,,,536.400009878E-6,0.0,
,,,536.800012924E-6,0.0,
,,,537.200015970E-6,800.000011921E-3,
,,,537.600019015E-6,0.0,
,,,538.000022061E-6,0.0,
,,,538.400025107E-6,0.0,
,,,538.800028153E-6,800.000011921E-3,
,,,539.200031199E-6,0.0,
,,,539.600034244E-6,0.0,
,,,539.999979082E-6,0.0,
,,,540.399982128E-6,0.0,
,,,540.799985174E-6,0.0,
,,,541.199988220E-6,0.0,
,,,541.599991266E-6,800.000011921E-3,
,,,541.999994311E-6,0.0,
,,,542.399997357E-6,0.0,
,,,542.800000403E-6,0.0,
,,,543.200003449E-6,0.0,
,,,543.600006495E-6,0.0,
,,,544.000009540E-6,800.000011921E-3,
,,,544.400012586E-6,0.0,
,,,544.800015632E-6,0.0,
,,,545.200018678E-6,0.0,
,,,545.600021724E-6,0.0,
,,,546.000024769E-6,0.0,
,,,546.400027815E-6,0.0,
,,,546.800030861E-6,0.0,
,,,547.200033907E-6,0.0,
,,,547.599978745E-6,0.0,
,,,547.999981791E-6,0.0,
,,,548.399984837E-6,0.0,
,,,548.799987882E-6,0.0,
,,,549.199990928E-6,800.000011921E-3,
,,,549.599993974E-6,0.0,
,,,549.999997020E-6,0.0,
,,,550.400000066E-6,0.0,
,,,550.800003111E-6,0.0,
,,,551.200006157E-6,0.0,
,,,551.600009203E-6,800.000011921E-3,
,,,552.000012249E-6,0.0,
,,,552.400015295E-6,800.000011921E-3,
,,,552.800018340E-6,0.0,
,,,553.200021386E-6,0.0,
,,,553.600024432E-6,800.000011921E-3,
,,,554.000027478E-6,0.0,
,,,554.400030524E-6,0.0,
,,,554.800033569E-6,0.0,
,,,555.199978407E-6,0.0,
,,,555.599981453E-6,0.0,
,,,555.999984499E-6,0.0,
,,,556.399987545E-6,0.0,
,,,556.799990591E-6,800.000011921E-3,
,,,557.199993636E-6,0.0,
,,,557.599996682E-6,0.0,
,,,557.999999728E-6,0.0,
,,,558.400002774E-6,800.000011921E-3,
,,,558.800005820E-6,800.000011921E-3,
,,,559.200008865E-6,800.000011921E-3,
,,,559.600011911E-6,0.0,
,,,560.000014957E-6,0.0,
,,,560.400018003E-6,0.0,
,,,560.800021049E-6,0.0,
,,,561.200024094E-6,0.0,
,,,561.600027140E-6,0.0,
,,,562.000030186E-6,800.000011921E-3,
,,,562.400033232E-6,0.0,
,,,562.799978070E-6,800.000011921E-3,
,,,563.199981116E-6,0.0,
,,,563.599984162E-6,800.000011921E-3,
,,,563.999987207E-6,0.0,
,,,564.399990253E-6,0.0,
,,,564.799993299E-6,0.0,
,,,565.199996345E-6,800.000011921E-3,
,,,565.599999391E-6,0.0,
,,,566.000002436E-6,0.0,
,,,566.400005482E-6,0.0,
,,,566.800008528E-6,800.000011921E-3,
,,,567.200011574E-6,0.0,
,,,567.600014620E-6,0.0,
,,,568.000017665E-6,0.0,
,,,568.400020711E-6,0.0,
,,,568.800023757E-6,0.0,
,,,569.200026803E-6,0.0,
,,,569.600029849E-6,0.0,
,,,570.000032894E-6,800.000011921E-3,
,,,570.399977732E-6,800.000011921E-3,
,,,570.799980778E-6,0.0,
,,,571.199983824E-6,0.0,
,,,571.599986870E-6,0.0,
,,,571.999989916E-6,0.0,
,,,572.399992961E-6,0.0,
,,,572.799996007E-6,0.0,
,,,573.199999053E-6,0.0,
,,,573.600002099E-6,0.0,
,,,574.000005145E-6,0.0,
,,,574.400008190E-6,0.0,
,,,574.800011236E-6,800.000011921E-3,
,,,575.200014282E-6,0.0,
,,,575.600017328E-6,800.000011921E-3,
,,,576.000020374E-6,800.000011921E-3,
,,,576.400023419E-6,0.0,
,,,576.800026465E-6,0.0,
,,,577.200029511E-6,800.000011921E-3,
,,,577.600032557E-6,0.0,
,,,577.999977395E-6,0.0,
,,,578.399980441E-6,0.0,
,,,578.799983487E-6,0.0,
,,,579.199986532E-6,800.000011921E-3,
,,,579.599989578E-6,800.000011921E-3,
,,,579.999992624E-6,800.000011921E-3,
,,,580.399995670E-6,0.0,
,,,580.799998716E-6,0.0,
,,,581.200001761E-6,800.000011921E-3,
,,,581.600004807E-6,0.0,
,,,582.000007853E-6,0.0,
,,,582.400010899E-6,800.000011921E-3,
,,,582.800013945E-6,41.60000229,
,,,583.200016990E-6,46.40000153,
,,,583.600020036E-6,46.40000153,
,,,584.000023082E-6,46.40000153,
,,,584.400026128E-6,46.40000153,
,,,584.800029173E-6,46.40000153,
,,,585.200032219E-6,46.40000153,
,,,585.599977057E-6,46.40000153,
,,,585.999980103E-6,46.40000153,
,,,586.399983149E-6,46.40000153,
,,,586.799986195E-6,47.20000076,
,,,587.199989241E-6,46.40000153,
,,,587.599992286E-6,46.40000153,
,,,587.999995332E-6,46.40000153,
,,,588.399998378E-6,46.40000153,
,,,588.800001424E-6,46.40000153,
,,,589.200004470E-6,47.20000076,
,,,589.600007515E-6,47.20000076,
,,,590.000010561E-6,47.20000076,
,,,590.400013607E-6,46.40000153,
,,,590.800016653E-6,47.20000076,
,,,591.200019699E-6,47.20000076,
,,,591.600022744E-6,46.40000153,
,,,592.000025790E-6,47.20000076,
,,,592.400028836E-6,47.20000076,
,,,592.800031882E-6,46.40000153,
,,,593.200034928E-6,47.20000076,
,,,593.599979766E-6,47.20000076,
,,,593.999982812E-6,47.20000076,
,,,594.399985857E-6,47.20000076,
,,,594.799988903E-6,47.20000076,
,,,595.199991949E-6,47.20000076,
,,,595.599994995E-6,47.20000076,
,,,595.999998040E-6,47.20000076,
,,,596.400001086E-6,47.20000076,
,,,596.800004132E-6,47.20000076,
,,,597.200007178E-6,47.20000076,
,,,597.600010224E-6,47.20000076,
,,,598.000013269E-6,47.20000076,
,,,598.400016315E-6,47.20000076,
,,,598.800019361E-6,47.20000076,
,,,599.200022407E-6,47.20000076,
,,,599.600025453E-6,46.40000153,
,,,600.000028498E-6,47.20000076,
,,,600.400031544E-6,47.20000076,
,,,600.800034590E-6,47.20000076,
,,,601.199979428E-6,47.20000076,
,,,601.599982474E-6,46.40000153,
,,,601.999985520E-6,47.20000076,
,,,602.399988566E-6,47.20000076,
,,,602.799991611E-6,47.20000076,
,,,603.199994657E-6,47.20000076,
,,,603.599997703E-6,47.20000076,
,,,604.000000749E-6,47.20000076,
,,,604.400003795E-6,47.20000076,
,,,604.800006840E-6,47.20000076,
,,,605.200009886E-6,47.20000076,
,,,605.600012932E-6,47.20000076,
,,,606.000015978E-6,47.20000076,
,,,606.400019024E-6,47.20000076,
,,,606.800022069E-6,47.20000076,
,,,607.200025115E-6,47.20000076,
,,,607.600028161E-6,47.20000076,
,,,608.000031207E-6,47.20000076,
,,,608.400034253E-6,47.20000076,
,,,608.799979091E-6,47.20000076,
,,,609.199982136E-6,47.20000076,
,,,609.599985182E-6,47.20000076,
,,,609.999988228E-6,47.20000076,
,,,610.399991274E-6,47.20000076,
,,,610.799994320E-6,47.20000076,
,,,611.199997365E-6,47.20000076,
,,,611.600000411E-6,47.20000076,
,,,612.000003457E-6,47.20000076,
,,,612.400006503E-6,47.20000076,
,,,612.800009549E-6,47.20000076,
,,,613.200012594E-6,47.20000076,
,,,613.600015640E-6,47.20000076,
,,,614.000018686E-6,47.20000076,
,,,614.400021732E-6,48.00000000,
,,,614.800024778E-6,47.20000076,
,,,615.200027823E-6,47.20000076,
,,,615.600030869E-6,47.20000076,
,,,616.000033915E-6,47.20000076,
,,,616.399978753E-6,47.20000076,
,,,616.799981799E-6,47.20000076,
,,,617.199984845E-6,47.20000076,
,,,617.599987891E-6,47.20000076,
,,,617.999990936E-6,47.20000076,
,,,618.399993982E-6,47.20000076,
,,,618.799997028E-6,47.20000076,
,,,619.200000074E-6,48.00000000,
,,,619.600003120E-6,47.20000076,
,,,620.000006165E-6,47.20000076,
,,,620.400009211E-6,47.20000076,
,,,620.800012257E-6,48.00000000,
,,,621.200015303E-6,47.20000076,
,,,621.600018349E-6,47.20000076,
,,,622.000021394E-6,47.20000076,
,,,622.400024440E-6,47.20000076,
,,,622.800027486E-6,47.20000076,
,,,623.200030532E-6,47.20000076,
,,,623.600033578E-6,47.20000076,
,,,623.999978416E-6,47.20000076,
,,,624.399981461E-6,47.20000076,
,,,624.799984507E-6,47.20000076,
,,,625.199987553E-6,47.20000076,
,,,625.599990599E-6,47.20000076,
,,,625.999993645E-6,47.20000076,
,,,626.399996690E-6,47.20000076,
,,,626.799999736E-6,47.20000076,
,,,627.200002782E-6,47.20000076,
,,,627.600005828E-6,47.20000076,
,,,628.000008874E-6,47.20000076,
,,,628.400011919E-6,47.20000076,
,,,628.800014965E-6,47.20000076,
,,,629.200018011E-6,47.20000076,
,,,629.600021057E-6,47.20000076,
,,,630.000024103E-6,47.20000076,
,,,630.400027148E-6,48.00000000,
,,,630.800030194E-6,47.20000076,
,,,631.200033240E-6,47.20000076,
,,,631.599978078E-6,47.20000076,
,,,631.999981124E-6,47.20000076,
,,,632.399984170E-6,47.20000076,
,,,632.799987216E-6,47.20000076,
,,,633.199990261E-6,47.20000076,
,,,633.599993307E-6,47.20000076,
,,,633.999996353E-6,48.00000000,
,,,634.399999399E-6,47.20000076,
,,,634.800002445E-6,47.20000076,
,,,635.200005490E-6,48.00000000,
,,,635.600008536E-6,47.20000076,
,,,636.000011582E-6,47.20000076,
,,,636.400014628E-6,47.20000076,
,,,636.800017674E-6,47.20000076,
,,,637.200020719E-6,47.20000076,
,,,637.600023765E-6,47.20000076,
,,,638.000026811E-6,47.20000076,
,,,638.400029857E-6,47.20000076,
,,,638.800032903E-6,47.20000076,
,,,639.199977741E-6,48.00000000,
,,,639.599980786E-6,47.20000076,
,,,639.999983832E-6,47.20000076,
,,,640.399986878E-6,47.20000076,
,,,640.799989924E-6,47.20000076,
,,,641.199992970E-6,47.20000076,
,,,641.599996015E-6,47.20000076,
,,,641.999999061E-6,47.20000076,
,,,642.400002107E-6,47.20000076,
,,,642.800005153E-6,47.20000076,
,,,643.200008199E-6,47.20000076,
,,,643.600011244E-6,47.20000076,
,,,644.000014290E-6,47.20000076,
,,,644.400017336E-6,47.20000076,
,,,644.800020382E-6,47.20000076,
,,,645.200023428E-6,47.20000076,
,,,645.600026473E-6,47.20000076,
,,,646.000029519E-6,48.00000000,
,,,646.400032565E-6,47.20000076,
,,,646.800035611E-6,47.20000076,
,,,647.199980449E-6,47.20000076,
,,,647.599983495E-6,47.20000076,
,,,647.999986541E-6,47.20000076,
,,,648.399989586E-6,47.20000076,
,,,648.799992632E-6,47.20000076,
,,,649.199995678E-6,47.20000076,
,,,649.599998724E-6,47.20000076,
,,,650.000001770E-6,47.20000076,
,,,650.400004815E-6,47.20000076,
,,,650.800007861E-6,47.20000076,
,,,651.200010907E-6,47.20000076,
,,,651.600013953E-6,47.20000076,
,,,652.000016998E-6,47.20000076,
,,,652.400020044E-6,47.20000076,
,,,652.800023090E-6,47.20000076,
,,,653.200026136E-6,47.20000076,
,,,653.600029182E-6,47.20000076,
,,,654.000032227E-6,47.20000076,
,,,654.400035273E-6,47.20000076,
,,,654.799980111E-6,47.20000076,
,,,655.199983157E-6,47.20000076,
,,,655.599986203E-6,47.20000076,
,,,655.999989249E-6,47.20000076,
,,,656.399992295E-6,47.20000076,
,,,656.799995340E-6,47.20000076,
,,,657.199998386E-6,47.20000076,
,,,657.600001432E-6,36.79999924,
,,,658.000004478E-6,1.6000000,
,,,658.400007524E-6,1.6000000,
,,,658.800010569E-6,800.000011921E-3,
,,,659.200013615E-6,1.6000000,
,,,659.600016661E-6,800.000011921E-3,
,,,660.000019707E-6,1.6000000,
,,,660.400022753E-6,1.6000000,
,,,660.800025798E-6,800.000011921E-3,
,,,661.200028844E-6,800.000011921E-3,
,,,661.600031890E-6,800.000011921E-3,
,,,662.000034936E-6,800.000011921E-3,
,,,662.399979774E-6,800.000011921E-3,
,,,662.799982820E-6,800.000011921E-3,
,,,663.199985866E-6,800.000011921E-3,
,,,663.599988911E-6,800.000011921E-3,
,,,663.999991957E-6,800.000011921E-3,
,,,664.399995003E-6,800.000011921E-3,
,,,664.799998049E-6,800.000011921E-3,
,,,665.200001094E-6,800.000011921E-3,
,,,665.600004140E-6,800.000011921E-3,
,,,666.000007186E-6,800.000011921E-3,
,,,666.400010232E-6,800.000011921E-3,
,,,666.800013278E-6,800.000011921E-3,
,,,667.200016323E-6,800.000011921E-3,
,,,667.600019369E-6,800.000011921E-3,
,,,668.000022415E-6,800.000011921E-3,
,,,668.400025461E-6,0.0,
,,,668.800028507E-6,800.000011921E-3,
,,,669.200031552E-6,800.000011921E-3,
,,,669.600034598E-6,0.0,
,,,669.999979436E-6,800.000011921E-3,
,,,670.399982482E-6,800.000011921E-3,
,,,670.799985528E-6,0.0,
,,,671.199988574E-6,800.000011921E-3,
,,,671.599991620E-6,0.0,
,,,671.999994665E-6,800.000011921E-3,
,,,672.399997711E-6,800.000011921E-3,
,,,672.800000757E-6,0.0,
,,,673.200003803E-6,800.000011921E-3,
,,,673.600006849E-6,800.000011921E-3,
,,,674.000009894E-6,0.0,
,,,674.400012940E-6,0.0,
,,,674.800015986E-6,800.000011921E-3,
,,,675.200019032E-6,800.000011921E-3,
,,,675.600022078E-6,800.000011921E-3,
,,,676.000025123E-6,800.000011921E-3,
,,,676.400028169E-6,800.000011921E-3,
,,,676.800031215E-6,800.000011921E-3,
,,,677.200034261E-6,800.000011921E-3,
,,,677.599979099E-6,800.000011921E-3,
,,,677.999982145E-6,0.0,
,,,678.399985190E-6,800.000011921E-3,
,,,678.799988236E-6,800.000011921E-3,
,,,679.199991282E-6,0.0,
,,,679.599994328E-6,0.0,
,,,679.999997374E-6,800.000011921E-3,
,,,680.400000419E-6,0.0,
,,,680.800003465E-6,0.0,
,,,681.200006511E-6,0.0,
,,,681.600009557E-6,800.000011921E-3,
,,,682.000012603E-6,800.000011921E-3,
,,,682.400015648E-6,800.000011921E-3,
,,,682.800018694E-6,0.0,
,,,683.200021740E-6,800.000011921E-3,
,,,683.600024786E-6,800.000011921E-3,
,,,684.000027832E-6,800.000011921E-3,
,,,684.400030877E-6,800.000011921E-3,
,,,684.800033923E-6,800.000011921E-3,
,,,685.199978761E-6,800.000011921E-3,
,,,685.599981807E-6,800.000011921E-3,
,,,685.999984853E-6,800.000011921E-3,
,,,686.399987899E-6,800.000011921E-3,
,,,686.799990945E-6,800.000011921E-3,
,,,687.199993990E-6,0.0,
,,,687.599997036E-6,800.000011921E-3,
,,,688.000000082E-6,800.000011921E-3,
,,,688.400003128E-6,0.0,
,,,688.800006174E-6,800.000011921E-3,
,,,689.200009219E-6,0.0,
,,,689.600012265E-6,0.0,
,,,690.000015311E-6,0.0,
,,,690.400018357E-6,800.000011921E-3,
,,,690.800021403E-6,0.0,
,,,691.200024448E-6,800.000011921E-3,
,,,691.600027494E-6,800.000011921E-3,
,,,692.000030540E-6,0.0,
,,,692.400033586E-6,0.0,
,,,692.799978424E-6,0.0,
,,,693.199981470E-6,800.000011921E-3,
,,,693.599984515E-6,800.000011921E-3,
,,,693.999987561E-6,0.0,
,,,694.399990607E-6,800.000011921E-3,
,,,694.799993653E-6,0.0,
,,,695.199996699E-6,800.000011921E-3,
,,,695.599999744E-6,0.0,
,,,696.000002790E-6,0.0,
,,,696.400005836E-6,0.0,
,,,696.800008882E-6,800.000011921E-3,
,,,697.200011928E-6,0.0,
,,,697.600014973E-6,800.000011921E-3,
,,,698.000018019E-6,0.0,
,,,698.400021065E-6,0.0,
,,,698.800024111E-6,0.0,
,,,699.200027157E-6,0.0,
,,,699.600030202E-6,0.0,
,,,700.000033248E-6,0.0,
,,,700.400036294E-6,0.0,
,,,700.799981132E-6,0.0,
,,,701.199984178E-6,0.0,
,,,701.599987224E-6,0.0,
,,,701.999990270E-6,0.0,
,,,702.399993315E-6,0.0,
,,,702.799996361E-6,800.000011921E-3,
,,,703.199999407E-6,0.0,
,,,703.600002453E-6,0.0,
,,,704.000005499E-6,0.0,
,,,704.400008544E-6,0.0,
,,,704.800011590E-6,0.0,
,,,705.200014636E-6,0.0,
,,,705.600017682E-6,0.0,
,,,706.000020728E-6,0.0,
,,,706.400023773E-6,0.0,
,,,706.800026819E-6,0.0,
,,,707.200029865E-6,800.000011921E-3,
,,,707.600032911E-6,800.000011921E-3,
,,,708.000035957E-6,0.0,
,,,708.399980795E-6,0.0,
,,,708.799983840E-6,0.0,
,,,709.199986886E-6,0.0,
,,,709.599989932E-6,0.0,
,,,709.999992978E-6,0.0,
,,,710.399996024E-6,0.0,
,,,710.799999069E-6,800.000011921E-3,
,,,711.200002115E-6,0.0,
,,,711.600005161E-6,0.0,
,,,712.000008207E-6,0.0,
,,,712.400011253E-6,0.0,
,,,712.800014298E-6,800.000011921E-3,
,,,713.200017344E-6,0.0,
,,,713.600020390E-6,0.0,
,,,714.000023436E-6,0.0,
,,,714.400026482E-6,0.0,
,,,714.800029527E-6,0.0,
,,,715.200032573E-6,800.000011921E-3,
,,,715.600035619E-6,0.0,
,,,715.999980457E-6,0.0,
,,,716.399983503E-6,800.000011921E-3,
,,,716.799986549E-6,0.0,
,,,717.199989595E-6,0.0,
,,,717.599992640E-6,0.0,
,,,717.999995686E-6,0.0,
,,,718.399998732E-6,0.0,
,,,718.800001778E-6,800.000011921E-3,
,,,719.200004824E-6,800.000011921E-3,
,,,719.600007869E-6,0.0,
,,,720.000010915E-6,0.0,
,,,720.400013961E-6,800.000011921E-3,
,,,720.800017007E-6,0.0,
,,,721.200020052E-6,0.0,
,,,721.600023098E-6,800.000011921E-3,
,,,722.000026144E-6,0.0,
,,,722.400029190E-6,0.0,
,,,722.800032236E-6,0.0,
,,,723.200035281E-6,0.0,
,,,723.599980120E-6,0.0,
,,,723.999983165E-6,0.0,
,,,724.399986211E-6,0.0,
,,,724.799989257E-6,0.0,
,,,725.199992303E-6,0.0,
,,,725.599995349E-6,0.0,
,,,725.999998394E-6,0.0,
,,,726.400001440E-6,800.000011921E-3,
,,,726.800004486E-6,800.000011921E-3,
,,,727.200007532E-6,0.0,
,,,727.600010578E-6,0.0,
,,,728.000013623E-6,0.0,
,,,728.400016669E-6,0.0,
,,,728.800019715E-6,0.0,
,,,729.200022761E-6,0.0,
,,,729.600025807E-6,0.0,
,,,730.000028852E-6,0.0,
,,,730.400031898E-6,0.0,
,,,730.800034944E-6,0.0,
,,,731.199979782E-6,0.0,
,,,731.599982828E-6,800.000011921E-3,
,,,731.999985874E-6,0.0,
,,,732.399988919E-6,0.0,
,,,732.799991965E-6,0.0,
,,,733.199995011E-6,0.0,
,,,733.599998057E-6,0.0,
,,,734.000001103E-6,0.0,
,,,734.400004148E-6,0.0,
,,,734.800007194E-6,0.0,
,,,735.200010240E-6,0.0,
,,,735.600013286E-6,0.0,
,,,736.000016332E-6,0.0,
,,,736.400019377E-6,800.000011921E-3,
,,,736.800022423E-6,0.0,
,,,737.200025469E-6,0.0,
,,,737.600028515E-6,0.0,
,,,738.000031561E-6,0.0,
,,,738.400034606E-6,0.0,
,,,738.799979445E-6,0.0,
,,,739.199982490E-6,0.0,
,,,739.599985536E-6,0.0,
,,,739.999988582E-6,0.0,
,,,740.399991628E-6,0.0,
,,,740.799994674E-6,0.0,
,,,741.199997719E-6,0.0,
,,,741.600000765E-6,0.0,
,,,742.000003811E-6,0.0,
,,,742.400006857E-6,0.0,
,,,742.800009903E-6,0.0,
,,,743.200012948E-6,0.0,
,,,743.600015994E-6,0.0,
,,,744.000019040E-6,0.0,
,,,744.400022086E-6,0.0,
,,,744.800025132E-6,0.0,
,,,745.200028177E-6,0.0,
,,,745.600031223E-6,0.0,
,,,746.000034269E-6,0.0,
,,,746.399979107E-6,0.0,
,,,746.799982153E-6,0.0,
,,,747.199985199E-6,0.0,
,,,747.599988244E-6,0.0,
,,,747.999991290E-6,800.000011921E-3,
,,,748.399994336E-6,0.0,
,,,748.799997382E-6,0.0,
,,,749.200000428E-6,0.0,
,,,749.600003473E-6,0.0,
,,,750.000006519E-6,0.0,
,,,750.400009565E-6,0.0,
,,,750.800012611E-6,0.0,
,,,751.200015657E-6,0.0,
,,,751.600018702E-6,800.000011921E-3,
,,,752.000021748E-6,0.0,
,,,752.400024794E-6,800.000011921E-3,
,,,752.800027840E-6,0.0,
,,,753.200030886E-6,0.0,
,,,753.600033931E-6,0.0,
,,,754.000036977E-6,0.0,
,,,754.399981815E-6,0.0,
,,,754.799984861E-6,800.000011921E-3,
,,,755.199987907E-6,0.0,
,,,755.599990953E-6,0.0,
,,,755.999993999E-6,0.0,
,,,756.399997044E-6,0.0,
,,,756.800000090E-6,0.0,
,,,757.200003136E-6,0.0,
,,,757.600006182E-6,0.0,
,,,758.000009228E-6,0.0,
,,,758.400012273E-6,0.0,
,,,758.800015319E-6,0.0,
,,,759.200018365E-6,0.0,
,,,759.600021411E-6,0.0,
,,,760.000024457E-6,0.0,
,,,760.400027502E-6,0.0,
,,,760.800030548E-6,0.0,
,,,761.200033594E-6,800.000011921E-3,
,,,761.600036640E-6,0.0,
,,,761.999981478E-6,0.0,
,,,762.399984524E-6,0.0,
,,,762.799987569E-6,0.0,
,,,763.199990615E-6,0.0,
,,,763.599993661E-6,800.000011921E-3,
,,,763.999996707E-6,800.000011921E-3,
,,,764.399999753E-6,0.0,
,,,764.800002798E-6,0.0,
,,,765.200005844E-6,0.0,
,,,765.600008890E-6,0.0,
,,,766.000011936E-6,0.0,
,,,766.400014982E-6,0.0,
,,,766.800018027E-6,0.0,
,,,767.200021073E-6,0.0,
,,,767.600024119E-6,0.0,
,,,768.000027165E-6,0.0,
,,,768.400030211E-6,800.000011921E-3,
,,,768.800033256E-6,0.0,
,,,769.200036302E-6,0.0,
,,,769.599981140E-6,800.000011921E-3,
,,,769.999984186E-6,0.0,
,,,770.399987232E-6,800.000011921E-3,
,,,770.799990278E-6,0.0,
,,,771.199993324E-6,0.0,
,,,771.599996369E-6,0.0,
,,,771.999999415E-6,0.0,
,,,772.400002461E-6,0.0,
,,,772.800005507E-6,0.0,
,,,773.200008553E-6,0.0,
,,,773.600011598E-6,0.0,
,,,774.000014644E-6,0.0,
,,,774.400017690E-6,800.000011921E-3,
,,,774.800020736E-6,0.0,
,,,775.200023782E-6,800.000011921E-3,
,,,775.600026827E-6,0.0,
,,,776.000029873E-6,800.000011921E-3,
,,,776.400032919E-6,0.0,
,,,776.800035965E-6,0.0,
,,,777.199980803E-6,0.0,
,,,777.599983849E-6,0.0,
,,,777.999986894E-6,0.0,
,,,778.399989940E-6,0.0,
,,,778.799992986E-6,0.0,
,,,779.199996032E-6,0.0,
,,,779.599999078E-6,0.0,
,,,780.000002123E-6,0.0,
,,,780.400005169E-6,0.0,
,,,780.800008215E-6,0.0,
,,,781.200011261E-6,800.000011921E-3,
,,,781.600014307E-6,0.0,
,,,782.000017352E-6,0.0,
,,,782.400020398E-6,0.0,
,,,782.800023444E-6,0.0,
,,,783.200026490E-6,0.0,
,,,783.600029536E-6,0.0,
,,,784.000032581E-6,0.0,
,,,784.400035627E-6,0.0,
,,,784.799980465E-6,0.0,
,,,785.199983511E-6,800.000011921E-3,
,,,785.599986557E-6,0.0,
,,,785.999989603E-6,0.0,
,,,786.399992649E-6,0.0,
,,,786.799995694E-6,0.0,
,,,787.199998740E-6,0.0,
,,,787.600001786E-6,800.000011921E-3,
,,,788.000004832E-6,0.0,
,,,788.400007877E-6,0.0,
,,,788.800010923E-6,0.0,
,,,789.200013969E-6,0.0,
,,,789.600017015E-6,0.0,
,,,790.000020061E-6,0.0,
,,,790.400023106E-6,0.0,
,,,790.800026152E-6,800.000011921E-3,
,,,791.200029198E-6,0.0,
,,,791.600032244E-6,800.000011921E-3,
,,,792.000035290E-6,0.0,
,,,792.399980128E-6,0.0,
,,,792.799983174E-6,0.0,
,,,793.199986219E-6,0.0,
,,,793.599989265E-6,0.0,
,,,793.999992311E-6,0.0,
,,,794.399995357E-6,0.0,
,,,794.799998403E-6,0.0,
,,,795.200001448E-6,0.0,
,,,795.600004494E-6,0.0,
,,,796.000007540E-6,0.0,
,,,796.400010586E-6,0.0,
,,,796.800013632E-6,0.0,
,,,797.200016677E-6,0.0,
,,,797.600019723E-6,0.0,
,,,798.000022769E-6,0.0,
,,,798.400025815E-6,0.0,
,,,798.800028861E-6,0.0,
,,,799.200031906E-6,0.0,
,,,799.600034952E-6,0.0,
,,,799.999979790E-6,0.0,
,,,800.399982836E-6,0.0,
,,,800.799985882E-6,0.0,
,,,801.199988928E-6,0.0,
,,,801.599991973E-6,0.0,
,,,801.999995019E-6,0.0,
,,,802.399998065E-6,0.0,
,,,802.800001111E-6,0.0,
,,,803.200004157E-6,800.000011921E-3,
,,,803.600007202E-6,0.0,
,,,804.000010248E-6,0.0,
,,,804.400013294E-6,0.0,
,,,804.800016340E-6,0.0,
,,,805.200019386E-6,0.0,
,,,805.600022431E-6,0.0,
,,,806.000025477E-6,0.0,
,,,806.400028523E-6,0.0,
,,,806.800031569E-6,0.0,
,,,807.200034615E-6,0.0,
,,,807.600037660E-6,0.0,
,,,807.999982499E-6,0.0,
,,,808.399985544E-6,0.0,
,,,808.799988590E-6,0.0,
,,,809.199991636E-6,0.0,
,,,809.599994682E-6,800.000011921E-3,
,,,809.999997728E-6,0.0,
,,,810.400000773E-6,0.0,
,,,810.800003819E-6,0.0,
,,,811.200006865E-6,0.0,
,,,811.600009911E-6,800.000011921E-3,
,,,812.000012957E-6,800.000011921E-3,
,,,812.400016002E-6,0.0,
,,,812.800019048E-6,0.0,
,,,813.200022094E-6,800.000011921E-3,
,,,813.600025140E-6,0.0,
,,,814.000028186E-6,800.000011921E-3,
,,,814.400031231E-6,0.0,
,,,814.800034277E-6,0.0,
,,,815.200037323E-6,0.0,
,,,815.599982161E-6,0.0,
,,,815.999985207E-6,0.0,
,,,816.399988253E-6,0.0,
,,,816.799991298E-6,0.0,
,,,817.199994344E-6,0.0,
,,,817.599997390E-6,0.0,
,,,818.000000436E-6,0.0,
,,,818.400003482E-6,0.0,
,,,818.800006527E-6,0.0,
,,,819.200009573E-6,0.0,
,,,819.600012619E-6,0.0,
,,,820.000015665E-6,0.0,
,,,820.400018711E-6,0.0,
,,,820.800021756E-6,0.0,
,,,821.200024802E-6,0.0,
,,,821.600027848E-6,0.0,
,,,822.000030894E-6,800.000011921E-3,
,,,822.400033940E-6,0.0,
,,,822.800036985E-6,800.000011921E-3,
,,,823.199981824E-6,0.0,
,,,823.599984869E-6,0.0,
,,,823.999987915E-6,0.0,
,,,824.399990961E-6,0.0,
,,,824.799994007E-6,0.0,
,,,825.199997053E-6,0.0,
,,,825.600000098E-6,0.0,
,,,826.000003144E-6,0.0,
,,,826.400006190E-6,0.0,
,,,826.800009236E-6,0.0,
,,,827.200012282E-6,0.0,
,,,827.600015327E-6,0.0,
,,,828.000018373E-6,800.000011921E-3,
,,,828.400021419E-6,0.0,
,,,828.800024465E-6,0.0,
,,,829.200027511E-6,800.000011921E-3,
,,,829.600030556E-6,0.0,
,,,830.000033602E-6,0.0,
,,,830.400036648E-6,0.0,
,,,830.799981486E-6,0.0,
,,,831.199984532E-6,800.000011921E-3,
,,,831.599987578E-6,800.000011921E-3,
,,,831.999990623E-6,0.0,
,,,832.399993669E-6,0.0,
,,,832.799996715E-6,0.0,
,,,833.199999761E-6,0.0,
,,,833.600002807E-6,800.000011921E-3,
,,,834.000005852E-6,0.0,
,,,834.400008898E-6,800.000011921E-3,
,,,834.800011944E-6,0.0,
,,,835.200014990E-6,0.0,
,,,835.600018036E-6,0.0,
,,,836.000021081E-6,0.0,
,,,836.400024127E-6,0.0,
,,,836.800027173E-6,800.000011921E-3,
,,,837.200030219E-6,0.0,
,,,837.600033265E-6,0.0,
,,,838.000036310E-6,0.0,
,,,838.399981149E-6,0.0,
,,,838.799984194E-6,0.0,
,,,839.199987240E-6,0.0,
,,,839.599990286E-6,800.000011921E-3,
,,,839.999993332E-6,0.0,
,,,840.399996378E-6,800.000011921E-3,
,,,840.799999423E-6,0.0,
,,,841.200002469E-6,0.0,
,,,841.600005515E-6,0.0,
,,,842.000008561E-6,0.0,
,,,842.400011607E-6,0.0,
,,,842.800014652E-6,0.0,
,,,843.200017698E-6,0.0,
,,,843.600020744E-6,0.0,
,,,844.000023790E-6,0.0,
,,,844.400026836E-6,0.0,
,,,844.800029881E-6,0.0,
,,,845.200032927E-6,0.0,
,,,845.600035973E-6,0.0,
,,,845.999980811E-6,0.0,
,,,846.399983857E-6,0.0,
,,,846.799986903E-6,0.0,
,,,847.199989948E-6,0.0,
,,,847.599992994E-6,0.0,
,,,847.999996040E-6,0.0,
,,,848.399999086E-6,0.0,
,,,848.800002132E-6,0.0,
,,,849.200005177E-6,800.000011921E-3,
,,,849.600008223E-6,0.0,
,,,850.000011269E-6,0.0,
,,,850.400014315E-6,0.0,
,,,850.800017361E-6,0.0,
,,,851.200020406E-6,0.0,
,,,851.600023452E-6,0.0,
,,,852.000026498E-6,0.0,
,,,852.400029544E-6,0.0,
,,,852.800032590E-6,0.0,
,,,853.200035635E-6,0.0,
,,,853.599980474E-6,0.0,
,,,853.999983519E-6,0.0,
,,,854.399986565E-6,0.0,
,,,854.799989611E-6,0.0,
,,,855.199992657E-6,0.0,
,,,855.599995703E-6,0.0,
,,,855.999998748E-6,0.0,
,,,856.400001794E-6,0.0,
,,,856.800004840E-6,0.0,
,,,857.200007886E-6,0.0,
,,,857.600010931E-6,800.000011921E-3,
,,,858.000013977E-6,0.0,
,,,858.400017023E-6,800.000011921E-3,
,,,858.800020069E-6,0.0,
,,,859.200023115E-6,0.0,
,,,859.600026160E-6,0.0,
,,,860.000029206E-6,0.0,
,,,860.400032252E-6,0.0,
,,,860.800035298E-6,0.0,
,,,861.200038344E-6,0.0,
,,,861.599983182E-6,0.0,
,,,861.999986228E-6,0.0,
,,,862.399989273E-6,800.000011921E-3,
,,,862.799992319E-6,0.0,
,,,863.199995365E-6,0.0,
,,,863.599998411E-6,0.0,
