Record Length,2500,Points,-499.999965541E-6,800.000011921E-3,
Sample Interval,2.0000000E-6,s,-497.999950312E-6,800.000011921E-3,
Trigger Point,249.99998340,Samples,-495.999993291E-6,0.0,
,,,-493.999978062E-6,0.0,
,,,-491.999962833E-6,800.000011921E-3,
,,,-489.999947604E-6,800.000011921E-3,
Source,CH1,,-487.999961479E-6,800.000011921E-3,
Vertical Units,Volts,,-485.999975353E-6,800.000011921E-3,
Vertical Scale,20.0000003,,-483.999960124E-6,800.000011921E-3,
Vertical Offset,0,,-481.999973999E-6,800.000011921E-3,
Horizontal Units,s,,-479.999958770E-6,800.000011921E-3,
Horizontal Scale,499.999998738E-6,,-477.999972645E-6,800.000011921E-3,
Pt Fmt,Y,,-475.999957416E-6,800.000011921E-3,
Yzero,-2.0000000,,-473.999971291E-6,0.0,
Probe Atten,10.0000000,,-471.999956062E-6,800.000011921E-3,
,,,-469.999969937E-6,800.000011921E-3,
Note,TDS 2024B - 12:04:39   15-11-2021,,-467.999954708E-6,800.000011921E-3,
,,,-465.999968583E-6,0.0,
,,,-463.999953354E-6,0.0,
,,,-461.999967229E-6,800.000011921E-3,
,,,-459.999952000E-6,800.000011921E-3,
,,,-457.999965874E-6,800.000011921E-3,
,,,-455.999979749E-6,800.000011921E-3,
,,,-453.999964520E-6,0.0,
,,,-451.999978395E-6,0.0,
,,,-449.999963166E-6,0.0,
,,,-447.999977041E-6,800.000011921E-3,
,,,-445.999961812E-6,800.000011921E-3,
,,,-443.999975687E-6,0.0,
,,,-441.999960458E-6,0.0,
,,,-439.999974333E-6,800.000011921E-3,
,,,-437.999959104E-6,0.0,
,,,-435.999972979E-6,0.0,
,,,-433.999957750E-6,800.000011921E-3,
,,,-431.999971624E-6,800.000011921E-3,
,,,-429.999956395E-6,800.000011921E-3,
,,,-427.999970270E-6,800.000011921E-3,
,,,-425.999955041E-6,800.000011921E-3,
,,,-423.999968916E-6,800.000011921E-3,
,,,-421.999953687E-6,0.0,
,,,-419.999967562E-6,800.000011921E-3,
,,,-417.999952333E-6,800.000011921E-3,
,,,-415.999966208E-6,800.000011921E-3,
,,,-413.999980083E-6,0.0,
,,,-411.999964854E-6,800.000011921E-3,
,,,-409.999978729E-6,800.000011921E-3,
,,,-407.999963500E-6,0.0,
,,,-405.999977374E-6,800.000011921E-3,
,,,-403.999962145E-6,800.000011921E-3,
,,,-401.99997602E-6,0.0,
,,,-399.99996079E-6,0.0,
,,,-397.99997467E-6,800.000011921E-3,
,,,-395.99995944E-6,800.000011921E-3,
,,,-393.99997331E-6,800.000011921E-3,
,,,-391.99995808E-6,0.0,
,,,-389.99997196E-6,0.0,
,,,-387.99995673E-6,800.000011921E-3,
,,,-385.99997060E-6,800.000011921E-3,
,,,-383.99995537E-6,800.000011921E-3,
,,,-381.99996925E-6,800.000011921E-3,
,,,-379.99995402E-6,800.000011921E-3,
,,,-377.99996790E-6,0.0,
,,,-375.99995267E-6,800.000011921E-3,
,,,-373.99996654E-6,0.0,
,,,-371.99998042E-6,800.000011921E-3,
,,,-369.99996519E-6,800.000011921E-3,
,,,-367.99997906E-6,800.000011921E-3,
,,,-365.99996383E-6,800.000011921E-3,
,,,-363.99997771E-6,800.000011921E-3,
,,,-361.99996248E-6,800.000011921E-3,
,,,-359.99997635E-6,800.000011921E-3,
,,,-357.99996112E-6,800.000011921E-3,
,,,-355.99997500E-6,800.000011921E-3,
,,,-353.99995977E-6,800.000011921E-3,
,,,-351.99997365E-6,800.000011921E-3,
,,,-349.99995842E-6,800.000011921E-3,
,,,-347.99997229E-6,0.0,
,,,-345.99995706E-6,800.000011921E-3,
,,,-343.99997094E-6,800.000011921E-3,
,,,-341.99995571E-6,0.0,
,,,-339.99996958E-6,800.000011921E-3,
,,,-337.99995435E-6,0.0,
,,,-335.99996823E-6,0.0,
,,,-333.99995300E-6,800.000011921E-3,
,,,-331.99996687E-6,0.0,
,,,-329.99995165E-6,800.000011921E-3,
,,,-327.99996552E-6,800.000011921E-3,
,,,-325.99997940E-6,800.000011921E-3,
,,,-323.99996417E-6,0.0,
,,,-321.99997804E-6,800.000011921E-3,
,,,-319.99996281E-6,800.000011921E-3,
,,,-317.99997669E-6,800.000011921E-3,
,,,-315.99996146E-6,800.000011921E-3,
,,,-313.99997533E-6,800.000011921E-3,
,,,-311.99996010E-6,0.0,
,,,-309.99997398E-6,800.000011921E-3,
,,,-307.99995875E-6,800.000011921E-3,
,,,-305.99997262E-6,0.0,
,,,-303.99995740E-6,800.000011921E-3,
,,,-301.99997127E-6,800.000011921E-3,
,,,-299.99995604E-6,0.0,
,,,-297.99996992E-6,800.000011921E-3,
,,,-295.99995469E-6,800.000011921E-3,
,,,-293.99996856E-6,0.0,
,,,-291.99995333E-6,800.000011921E-3,
,,,-289.99996721E-6,800.000011921E-3,
,,,-287.99995198E-6,800.000011921E-3,
,,,-285.99996585E-6,800.000011921E-3,
,,,-283.99997973E-6,0.0,
,,,-281.99996450E-6,800.000011921E-3,
,,,-279.99997837E-6,800.000011921E-3,
,,,-277.99996315E-6,800.000011921E-3,
,,,-275.99997702E-6,800.000011921E-3,
,,,-273.99996179E-6,800.000011921E-3,
,,,-271.99997567E-6,0.0,
,,,-269.99996044E-6,0.0,
,,,-267.99997431E-6,800.000011921E-3,
,,,-265.99995908E-6,800.000011921E-3,
,,,-263.99997296E-6,800.000011921E-3,
,,,-261.99995773E-6,800.000011921E-3,
,,,-259.99997160E-6,800.000011921E-3,
,,,-257.99995637E-6,0.0,
,,,-255.99997025E-6,800.000011921E-3,
,,,-253.99995502E-6,800.000011921E-3,
,,,-251.99996890E-6,0.0,
,,,-249.99995367E-6,800.000011921E-3,
,,,-247.99996754E-6,800.000011921E-3,
,,,-245.99995231E-6,0.0,
,,,-243.99996619E-6,800.000011921E-3,
,,,-241.99996551E-6,0.0,
,,,-239.99996483E-6,800.000011921E-3,
,,,-237.99996416E-6,800.000011921E-3,
,,,-235.99996348E-6,800.000011921E-3,
,,,-233.99996280E-6,800.000011921E-3,
,,,-231.99996212E-6,800.000011921E-3,
,,,-229.99996145E-6,800.000011921E-3,
,,,-227.99996077E-6,800.000011921E-3,
,,,-225.99996009E-6,800.000011921E-3,
,,,-223.99995942E-6,0.0,
,,,-221.99997329E-6,800.000011921E-3,
,,,-219.99997261E-6,800.000011921E-3,
,,,-217.99997194E-6,800.000011921E-3,
,,,-215.99997126E-6,800.000011921E-3,
,,,-213.99997058E-6,800.000011921E-3,
,,,-211.99996991E-6,0.0,
,,,-209.99996923E-6,0.0,
,,,-207.99996855E-6,0.0,
,,,-205.99996787E-6,0.0,
,,,-203.99996720E-6,800.000011921E-3,
,,,-201.99996652E-6,800.000011921E-3,
,,,-199.99996584E-6,800.000011921E-3,
,,,-197.99996517E-6,800.000011921E-3,
,,,-195.99996449E-6,0.0,
,,,-193.99996381E-6,800.000011921E-3,
,,,-191.99996314E-6,800.000011921E-3,
,,,-189.99996246E-6,0.0,
,,,-187.99996178E-6,800.000011921E-3,
,,,-185.99996110E-6,800.000011921E-3,
,,,-183.99996043E-6,800.000011921E-3,
,,,-181.99995975E-6,0.0,
,,,-179.99997362E-6,800.000011921E-3,
,,,-177.99997295E-6,800.000011921E-3,
,,,-175.99997227E-6,0.0,
,,,-173.99997159E-6,0.0,
,,,-171.99997092E-6,800.000011921E-3,
,,,-169.99997024E-6,800.000011921E-3,
,,,-167.99996956E-6,800.000011921E-3,
,,,-165.99996889E-6,800.000011921E-3,
,,,-163.99996821E-6,800.000011921E-3,
,,,-161.99996753E-6,0.0,
,,,-159.99996685E-6,800.000011921E-3,
,,,-157.99996618E-6,0.0,
,,,-155.99996550E-6,0.0,
,,,-153.99996482E-6,800.000011921E-3,
,,,-151.99996415E-6,800.000011921E-3,
,,,-149.99996347E-6,0.0,
,,,-147.9999628E-6,0.0,
,,,-145.9999621E-6,800.000011921E-3,
,,,-143.9999614E-6,800.000011921E-3,
,,,-141.9999608E-6,800.000011921E-3,
,,,-139.9999601E-6,0.0,
,,,-137.9999594E-6,800.000011921E-3,
,,,-135.9999733E-6,800.000011921E-3,
,,,-133.9999726E-6,800.000011921E-3,
,,,-131.9999719E-6,0.0,
,,,-129.9999713E-6,800.000011921E-3,
,,,-127.9999706E-6,800.000011921E-3,
,,,-125.9999699E-6,800.000011921E-3,
,,,-123.9999692E-6,800.000011921E-3,
,,,-121.9999685E-6,800.000011921E-3,
,,,-119.9999679E-6,800.000011921E-3,
,,,-117.9999672E-6,800.000011921E-3,
,,,-115.9999665E-6,800.000011921E-3,
,,,-113.9999658E-6,800.000011921E-3,
,,,-111.9999652E-6,800.000011921E-3,
,,,-109.9999645E-6,800.000011921E-3,
,,,-107.9999638E-6,800.000011921E-3,
,,,-105.9999631E-6,800.000011921E-3,
,,,-103.9999697E-6,800.000011921E-3,
,,,-101.9999690E-6,0.0,
,,,-99.999968370E-6,0.0,
,,,-97.999967693E-6,800.000011921E-3,
,,,-95.999967016E-6,0.0,
,,,-93.999966339E-6,0.0,
,,,-91.999965662E-6,800.000011921E-3,
,,,-89.999964985E-6,0.0,
,,,-87.999964308E-6,800.000011921E-3,
,,,-85.999963630E-6,800.000011921E-3,
,,,-83.999970229E-6,800.000011921E-3,
,,,-81.999969552E-6,800.000011921E-3,
,,,-79.999968875E-6,800.000011921E-3,
,,,-77.999968198E-6,800.000011921E-3,
,,,-75.999967521E-6,0.0,
,,,-73.999966844E-6,800.000011921E-3,
,,,-71.999966167E-6,800.000011921E-3,
,,,-69.999965490E-6,800.000011921E-3,
,,,-67.999964813E-6,800.000011921E-3,
,,,-65.999964136E-6,0.0,
,,,-63.999963459E-6,800.000011921E-3,
,,,-61.999970058E-6,800.000011921E-3,
,,,-59.999965742E-6,0.0,
,,,-57.999965065E-6,0.0,
,,,-55.999968026E-6,800.000011921E-3,
,,,-53.99996735E-6,800.000011921E-3,
,,,-51.99996667E-6,0.0,
,,,-49.99996600E-6,800.000011921E-3,
,,,-47.99996532E-6,800.000011921E-3,
,,,-45.99996828E-6,800.000011921E-3,
,,,-43.99996760E-6,800.000011921E-3,
,,,-41.99996692E-6,800.000011921E-3,
,,,-39.99996625E-6,800.000011921E-3,
,,,-37.99996557E-6,0.0,
,,,-35.99996853E-6,800.000011921E-3,
,,,-33.99996785E-6,0.0,
,,,-31.99996718E-6,0.0,
,,,-29.99996650E-6,0.0,
,,,-27.99996582E-6,800.000011921E-3,
,,,-25.99996697E-6,800.000011921E-3,
,,,-23.99996629E-6,800.000011921E-3,
,,,-21.99996743E-6,800.000011921E-3,
,,,-19.9999668E-6,800.000011921E-3,
,,,-17.9999661E-6,800.000011921E-3,
,,,-15.9999672E-6,0.0,
,,,-13.9999665E-6,800.000011921E-3,
,,,-11.9999668E-6,800.000011921E-3,
,,,-9.999967006E-6,0.0,
,,,-7.999966328E-6,800.000011921E-3,
,,,-5.99996656E-6,0.0,
,,,-3.99996679E-6,800.000011921E-3,
,,,-1.9999668E-6,800.000011921E-3,
,,,33.19655648E-12,46.40000153,
,,,2.0000332E-6,46.40000153,
,,,4.00003319E-6,47.20000076,
,,,6.00003295E-6,47.20000076,
,,,8.000033631E-6,47.20000076,
,,,10.0000334E-6,47.20000076,
,,,12.0000332E-6,47.20000076,
,,,14.0000329E-6,47.20000076,
,,,16.0000327E-6,47.20000076,
,,,18.0000334E-6,47.20000076,
,,,20.0000322E-6,47.20000076,
,,,22.00003291E-6,47.20000076,
,,,24.00003359E-6,47.20000076,
,,,26.00003245E-6,47.20000076,
,,,28.00003313E-6,47.20000076,
,,,30.00003380E-6,47.20000076,
,,,32.00003266E-6,47.20000076,
,,,34.00003334E-6,31.20000076,
,,,36.00003402E-6,1.6000000,
,,,38.00003469E-6,800.000011921E-3,
,,,40.00003173E-6,1.6000000,
,,,42.00003241E-6,800.000011921E-3,
,,,44.00003309E-6,800.000011921E-3,
,,,46.00003376E-6,800.000011921E-3,
,,,48.00003444E-6,800.000011921E-3,
,,,50.00003148E-6,800.000011921E-3,
,,,52.00003216E-6,800.000011921E-3,
,,,54.00003283E-6,0.0,
,,,56.000033510E-6,800.000011921E-3,
,,,58.000034187E-6,800.000011921E-3,
,,,60.000034864E-6,800.000011921E-3,
,,,62.000035541E-6,800.000011921E-3,
,,,64.000036218E-6,800.000011921E-3,
,,,66.000029619E-6,800.000011921E-3,
,,,68.000030296E-6,0.0,
,,,70.000030973E-6,800.000011921E-3,
,,,72.000031651E-6,800.000011921E-3,
,,,74.000032328E-6,0.0,
,,,76.000033005E-6,800.000011921E-3,
,,,78.000033682E-6,800.000011921E-3,
,,,80.000034359E-6,800.000011921E-3,
,,,82.000035036E-6,0.0,
,,,84.000035713E-6,0.0,
,,,86.000036390E-6,800.000011921E-3,
,,,88.000029791E-6,800.000011921E-3,
,,,90.000030468E-6,0.0,
,,,92.000031145E-6,0.0,
,,,94.000031822E-6,800.000011921E-3,
,,,96.000032499E-6,800.000011921E-3,
,,,98.000033177E-6,800.000011921E-3,
,,,100.0000339E-6,0.0,
,,,102.0000345E-6,0.0,
,,,104.0000352E-6,800.000011921E-3,
,,,106.0000359E-6,800.000011921E-3,
,,,108.0000366E-6,0.0,
,,,110.0000300E-6,800.000011921E-3,
,,,112.0000306E-6,0.0,
,,,114.0000313E-6,0.0,
,,,116.0000320E-6,800.000011921E-3,
,,,118.0000327E-6,800.000011921E-3,
,,,120.0000333E-6,0.0,
,,,122.0000340E-6,0.0,
,,,124.0000274E-6,0.0,
,,,126.0000281E-6,800.000011921E-3,
,,,128.0000288E-6,800.000011921E-3,
,,,130.0000295E-6,0.0,
,,,132.0000301E-6,800.000011921E-3,
,,,134.0000308E-6,800.000011921E-3,
,,,136.0000315E-6,800.000011921E-3,
,,,138.0000322E-6,800.000011921E-3,
,,,140.0000328E-6,800.000011921E-3,
,,,142.0000335E-6,800.000011921E-3,
,,,144.0000342E-6,800.000011921E-3,
,,,146.0000349E-6,0.0,
,,,148.0000356E-6,800.000011921E-3,
,,,150.00003623E-6,800.000011921E-3,
,,,152.00003691E-6,800.000011921E-3,
,,,154.00003758E-6,0.0,
,,,156.00003826E-6,800.000011921E-3,
,,,158.00003894E-6,800.000011921E-3,
,,,160.00003961E-6,800.000011921E-3,
,,,162.00002574E-6,800.000011921E-3,
,,,164.00002642E-6,800.000011921E-3,
,,,166.00002709E-6,800.000011921E-3,
,,,168.00002777E-6,0.0,
,,,170.00002845E-6,800.000011921E-3,
,,,172.00002912E-6,0.0,
,,,174.00002980E-6,800.000011921E-3,
,,,176.00003048E-6,0.0,
,,,178.00003116E-6,800.000011921E-3,
,,,180.00003183E-6,800.000011921E-3,
,,,182.00003251E-6,800.000011921E-3,
,,,184.00003319E-6,800.000011921E-3,
,,,186.00003386E-6,0.0,
,,,188.00003454E-6,0.0,
,,,190.00003522E-6,800.000011921E-3,
,,,192.00003590E-6,800.000011921E-3,
,,,194.00003657E-6,800.000011921E-3,
,,,196.00003725E-6,800.000011921E-3,
,,,198.00003793E-6,800.000011921E-3,
,,,200.00003860E-6,0.0,
,,,202.00003928E-6,0.0,
,,,204.00003996E-6,800.000011921E-3,
,,,206.00002608E-6,800.000011921E-3,
,,,208.00002676E-6,800.000011921E-3,
,,,210.00002744E-6,0.0,
,,,212.00002811E-6,800.000011921E-3,
,,,214.00002879E-6,800.000011921E-3,
,,,216.00002947E-6,800.000011921E-3,
,,,218.00003015E-6,800.000011921E-3,
,,,220.00003082E-6,0.0,
,,,222.00003150E-6,800.000011921E-3,
,,,224.00003218E-6,800.000011921E-3,
,,,226.00003285E-6,800.000011921E-3,
,,,228.00003353E-6,0.0,
,,,230.00003421E-6,800.000011921E-3,
,,,232.00003488E-6,800.000011921E-3,
,,,234.00003556E-6,800.000011921E-3,
,,,236.00003624E-6,800.000011921E-3,
,,,238.00003692E-6,800.000011921E-3,
,,,240.00003759E-6,800.000011921E-3,
,,,242.00003827E-6,800.000011921E-3,
,,,244.00003895E-6,0.0,
,,,246.00003962E-6,800.000011921E-3,
,,,248.00002575E-6,800.000011921E-3,
,,,250.00004098E-6,800.000011921E-3,
,,,252.00002710E-6,800.000011921E-3,
,,,254.00004233E-6,800.000011921E-3,
,,,256.00002846E-6,800.000011921E-3,
,,,258.00004369E-6,800.000011921E-3,
,,,260.00002981E-6,800.000011921E-3,
,,,262.00004504E-6,800.000011921E-3,
,,,264.00003117E-6,800.000011921E-3,
,,,266.00004639E-6,800.000011921E-3,
,,,268.00003252E-6,0.0,
,,,270.00001865E-6,0.0,
,,,272.00003387E-6,0.0,
,,,274.00002000E-6,800.000011921E-3,
,,,276.00003523E-6,800.000011921E-3,
,,,278.00002135E-6,800.000011921E-3,
,,,280.00003658E-6,800.000011921E-3,
,,,282.00002271E-6,800.000011921E-3,
,,,284.00003794E-6,800.000011921E-3,
,,,286.00002406E-6,0.0,
,,,288.00003929E-6,800.000011921E-3,
,,,290.00002542E-6,0.0,
,,,292.00004064E-6,0.0,
,,,294.00002677E-6,800.000011921E-3,
,,,296.00004200E-6,800.000011921E-3,
,,,298.00002812E-6,0.0,
,,,300.00004335E-6,800.000011921E-3,
,,,302.00002948E-6,0.0,
,,,304.00004471E-6,800.000011921E-3,
,,,306.00003083E-6,800.000011921E-3,
,,,308.00004606E-6,0.0,
,,,310.00003219E-6,0.0,
,,,312.00001831E-6,800.000011921E-3,
,,,314.00003354E-6,0.0,
,,,316.00001967E-6,0.0,
,,,318.00003489E-6,800.000011921E-3,
,,,320.00002102E-6,800.000011921E-3,
,,,322.00003625E-6,800.000011921E-3,
,,,324.00002237E-6,800.000011921E-3,
,,,326.00003760E-6,800.000011921E-3,
,,,328.00002373E-6,800.000011921E-3,
,,,330.00003896E-6,0.0,
,,,332.00002508E-6,0.0,
,,,334.00004031E-6,800.000011921E-3,
,,,336.00002644E-6,0.0,
,,,338.00004167E-6,800.000011921E-3,
,,,340.00002779E-6,800.000011921E-3,
,,,342.00004302E-6,800.000011921E-3,
,,,344.00002914E-6,800.000011921E-3,
,,,346.00004437E-6,800.000011921E-3,
,,,348.00003050E-6,800.000011921E-3,
,,,350.00004573E-6,800.000011921E-3,
,,,352.00003185E-6,800.000011921E-3,
,,,354.00001798E-6,800.000011921E-3,
,,,356.00003321E-6,800.000011921E-3,
,,,358.00001933E-6,0.0,
,,,360.00003456E-6,0.0,
,,,362.00002069E-6,800.000011921E-3,
,,,364.00003592E-6,800.000011921E-3,
,,,366.00002204E-6,800.000011921E-3,
,,,368.00003727E-6,800.000011921E-3,
,,,370.00002339E-6,800.000011921E-3,
,,,372.00003862E-6,0.0,
,,,374.00002475E-6,800.000011921E-3,
,,,376.00003998E-6,800.000011921E-3,
,,,378.00002610E-6,800.000011921E-3,
,,,380.00004133E-6,0.0,
,,,382.00002746E-6,800.000011921E-3,
,,,384.00004269E-6,800.000011921E-3,
,,,386.00002881E-6,800.000011921E-3,
,,,388.00004404E-6,0.0,
,,,390.00003017E-6,800.000011921E-3,
,,,392.00004539E-6,800.000011921E-3,
,,,394.00003152E-6,0.0,
,,,396.00004675E-6,800.000011921E-3,
,,,398.00003287E-6,800.000011921E-3,
,,,400.00001900E-6,0.0,
,,,402.00003423E-6,0.0,
,,,404.000020353E-6,800.000011921E-3,
,,,406.000035582E-6,800.000011921E-3,
,,,408.000021707E-6,0.0,
,,,410.000036936E-6,0.0,
,,,412.000023061E-6,800.000011921E-3,
,,,414.000038290E-6,0.0,
,,,416.000024416E-6,0.0,
,,,418.000039645E-6,800.000011921E-3,
,,,420.000025770E-6,800.000011921E-3,
,,,422.000040999E-6,800.000011921E-3,
,,,424.000027124E-6,0.0,
,,,426.000042353E-6,800.000011921E-3,
,,,428.000028478E-6,800.000011921E-3,
,,,430.000043707E-6,800.000011921E-3,
,,,432.000029832E-6,800.000011921E-3,
,,,434.000045061E-6,800.000011921E-3,
,,,436.000031186E-6,0.0,
,,,438.000046415E-6,0.0,
,,,440.000032540E-6,800.000011921E-3,
,,,442.000018666E-6,800.000011921E-3,
,,,444.000033895E-6,0.0,
,,,446.000020020E-6,800.000011921E-3,
,,,448.000035249E-6,800.000011921E-3,
,,,450.000021374E-6,800.000011921E-3,
,,,452.000036603E-6,800.000011921E-3,
,,,454.000022728E-6,800.000011921E-3,
,,,456.000037957E-6,800.000011921E-3,
,,,458.000024082E-6,800.000011921E-3,
,,,460.000039311E-6,800.000011921E-3,
,,,462.000025436E-6,0.0,
,,,464.000040665E-6,0.0,
,,,466.000026790E-6,0.0,
,,,468.000042019E-6,800.000011921E-3,
,,,470.000028145E-6,800.000011921E-3,
,,,472.000043374E-6,800.000011921E-3,
,,,474.000029499E-6,800.000011921E-3,
,,,476.000044728E-6,0.0,
,,,478.000030853E-6,800.000011921E-3,
,,,480.000046082E-6,800.000011921E-3,
,,,482.000032207E-6,0.0,
,,,484.000018332E-6,800.000011921E-3,
,,,486.000033561E-6,800.000011921E-3,
,,,488.000019686E-6,800.000011921E-3,
,,,490.000005811E-6,800.000011921E-3,
,,,492.000021040E-6,800.000011921E-3,
,,,494.000036269E-6,800.000011921E-3,
,,,496.000051498E-6,800.000011921E-3,
,,,498.000008520E-6,800.000011921E-3,
,,,500.000023749E-6,0.0,
,,,502.000038978E-6,800.000011921E-3,
,,,504.000054207E-6,800.000011921E-3,
,,,506.000011228E-6,0.0,
,,,508.000026457E-6,0.0,
,,,510.000041686E-6,0.0,
,,,512.000056915E-6,800.000011921E-3,
,,,514.000013936E-6,800.000011921E-3,
,,,516.000029165E-6,0.0,
,,,518.000044394E-6,800.000011921E-3,
,,,520.000059623E-6,800.000011921E-3,
,,,522.000016645E-6,800.000011921E-3,
,,,524.000031874E-6,800.000011921E-3,
,,,526.000047103E-6,800.000011921E-3,
,,,528.000004124E-6,0.0,
,,,530.000019353E-6,0.0,
,,,532.000034582E-6,800.000011921E-3,
,,,534.000049811E-6,800.000011921E-3,
,,,536.000006832E-6,800.000011921E-3,
,,,538.000022061E-6,800.000011921E-3,
,,,540.000037290E-6,800.000011921E-3,
,,,542.000052519E-6,800.000011921E-3,
,,,544.000009540E-6,800.000011921E-3,
,,,546.000024769E-6,800.000011921E-3,
,,,548.000039998E-6,0.0,
,,,550.000055227E-6,800.000011921E-3,
,,,552.000012249E-6,800.000011921E-3,
,,,554.000027478E-6,800.000011921E-3,
,,,556.000042707E-6,800.000011921E-3,
,,,558.000057936E-6,800.000011921E-3,
,,,560.000014957E-6,800.000011921E-3,
,,,562.000030186E-6,0.0,
,,,564.000045415E-6,800.000011921E-3,
,,,566.000060644E-6,800.000011921E-3,
,,,568.000017665E-6,800.000011921E-3,
,,,570.000032894E-6,800.000011921E-3,
,,,572.000048123E-6,800.000011921E-3,
,,,574.000005145E-6,800.000011921E-3,
,,,576.000020374E-6,800.000011921E-3,
,,,578.000035603E-6,0.0,
,,,580.000050832E-6,800.000011921E-3,
,,,582.000007853E-6,800.000011921E-3,
,,,584.000023082E-6,0.0,
,,,586.000038311E-6,800.000011921E-3,
,,,588.000053540E-6,800.000011921E-3,
,,,590.000010561E-6,800.000011921E-3,
,,,592.000025790E-6,800.000011921E-3,
,,,594.000041019E-6,0.0,
,,,596.000056248E-6,800.000011921E-3,
,,,598.000013269E-6,800.000011921E-3,
,,,600.000028498E-6,46.40000153,
,,,602.000043727E-6,46.40000153,
,,,604.000058956E-6,46.40000153,
,,,606.000015978E-6,47.20000076,
,,,608.000031207E-6,47.20000076,
,,,610.000046436E-6,47.20000076,
,,,612.000003457E-6,47.20000076,
,,,614.000018686E-6,47.20000076,
,,,616.000033915E-6,47.20000076,
,,,618.000049144E-6,48.00000000,
,,,620.000006165E-6,1.6000000,
,,,622.000021394E-6,800.000011921E-3,
,,,624.000036623E-6,800.000011921E-3,
,,,626.000051852E-6,800.000011921E-3,
,,,628.000008874E-6,800.000011921E-3,
,,,630.000024103E-6,800.000011921E-3,
,,,632.000039332E-6,800.000011921E-3,
,,,634.000054561E-6,800.000011921E-3,
,,,636.000011582E-6,800.000011921E-3,
,,,638.000026811E-6,0.0,
,,,640.000042040E-6,800.000011921E-3,
,,,642.000057269E-6,800.000011921E-3,
,,,644.000014290E-6,800.000011921E-3,
,,,646.000029519E-6,800.000011921E-3,
,,,648.000044748E-6,800.000011921E-3,
,,,650.000059977E-6,800.000011921E-3,
,,,652.000016998E-6,800.000011921E-3,
,,,654.000032227E-6,800.000011921E-3,
,,,656.000047456E-6,800.000011921E-3,
,,,658.000004478E-6,800.000011921E-3,
,,,660.000019707E-6,800.000011921E-3,
,,,662.000034936E-6,800.000011921E-3,
,,,664.000050165E-6,800.000011921E-3,
,,,666.000007186E-6,800.000011921E-3,
,,,668.000022415E-6,0.0,
,,,670.000037644E-6,800.000011921E-3,
,,,672.000052873E-6,800.000011921E-3,
,,,674.000009894E-6,800.000011921E-3,
,,,676.000025123E-6,800.000011921E-3,
,,,678.000040352E-6,800.000011921E-3,
,,,680.000055581E-6,0.0,
,,,682.000012603E-6,0.0,
,,,684.000027832E-6,800.000011921E-3,
,,,686.000043061E-6,0.0,
,,,688.000058290E-6,800.000011921E-3,
,,,690.000015311E-6,800.000011921E-3,
,,,692.000030540E-6,800.000011921E-3,
,,,694.000045769E-6,800.000011921E-3,
,,,696.000002790E-6,800.000011921E-3,
,,,698.000018019E-6,0.0,
,,,700.000033248E-6,0.0,
,,,702.000048477E-6,0.0,
,,,704.000005499E-6,800.000011921E-3,
,,,706.000020728E-6,800.000011921E-3,
,,,708.000035957E-6,800.000011921E-3,
,,,710.000051185E-6,800.000011921E-3,
,,,712.000008207E-6,800.000011921E-3,
,,,714.000023436E-6,800.000011921E-3,
,,,716.000038665E-6,0.0,
,,,718.000053894E-6,800.000011921E-3,
,,,720.000010915E-6,0.0,
,,,722.000026144E-6,800.000011921E-3,
,,,724.000041373E-6,800.000011921E-3,
,,,726.000056602E-6,800.000011921E-3,
,,,728.000013623E-6,0.0,
,,,730.000028852E-6,800.000011921E-3,
,,,732.000044081E-6,0.0,
,,,734.000059310E-6,0.0,
,,,736.000016332E-6,800.000011921E-3,
,,,738.000031561E-6,800.000011921E-3,
,,,740.000046790E-6,800.000011921E-3,
,,,742.000003811E-6,800.000011921E-3,
,,,744.000019040E-6,800.000011921E-3,
,,,746.000034269E-6,0.0,
,,,748.000049498E-6,800.000011921E-3,
,,,750.000006519E-6,800.000011921E-3,
,,,752.000021748E-6,0.0,
,,,754.000036977E-6,800.000011921E-3,
,,,756.000052206E-6,800.000011921E-3,
,,,758.000009228E-6,0.0,
,,,760.000024457E-6,800.000011921E-3,
,,,762.000039686E-6,0.0,
,,,764.000054915E-6,800.000011921E-3,
,,,766.000011936E-6,800.000011921E-3,
,,,768.000027165E-6,800.000011921E-3,
,,,770.000042394E-6,800.000011921E-3,
,,,772.000057623E-6,800.000011921E-3,
,,,774.000014644E-6,0.0,
,,,776.000029873E-6,800.000011921E-3,
,,,778.000045102E-6,800.000011921E-3,
,,,780.000002123E-6,800.000011921E-3,
,,,782.000017352E-6,800.000011921E-3,
,,,784.000032581E-6,0.0,
,,,786.000047810E-6,0.0,
,,,788.000004832E-6,800.000011921E-3,
,,,790.000020061E-6,0.0,
,,,792.000035290E-6,0.0,
,,,794.000050519E-6,800.000011921E-3,
,,,796.000007540E-6,800.000011921E-3,
,,,798.000022769E-6,800.000011921E-3,
,,,800.000037998E-6,800.000011921E-3,
,,,802.000053227E-6,800.000011921E-3,
,,,804.000010248E-6,800.000011921E-3,
,,,806.000025477E-6,800.000011921E-3,
,,,808.000040706E-6,800.000011921E-3,
,,,810.000055935E-6,800.000011921E-3,
,,,812.000012957E-6,800.000011921E-3,
,,,814.000028186E-6,0.0,
,,,816.000043415E-6,0.0,
,,,818.000058644E-6,0.0,
,,,820.000015665E-6,800.000011921E-3,
,,,822.000030894E-6,0.0,
,,,824.000046123E-6,800.000011921E-3,
,,,826.000003144E-6,0.0,
,,,828.000018373E-6,800.000011921E-3,
,,,830.000033602E-6,800.000011921E-3,
,,,832.000048831E-6,0.0,
,,,834.000005852E-6,0.0,
,,,836.000021081E-6,800.000011921E-3,
,,,838.000036310E-6,0.0,
,,,840.000051539E-6,800.000011921E-3,
,,,842.000008561E-6,800.000011921E-3,
,,,844.000023790E-6,0.0,
,,,846.000039019E-6,0.0,
,,,848.000054248E-6,800.000011921E-3,
,,,850.000011269E-6,800.000011921E-3,
,,,852.000026498E-6,800.000011921E-3,
,,,854.000041727E-6,0.0,
,,,856.000056956E-6,0.0,
,,,858.000013977E-6,800.000011921E-3,
,,,860.000029206E-6,800.000011921E-3,
,,,862.000044435E-6,0.0,
,,,864.000059664E-6,800.000011921E-3,
,,,866.000016686E-6,800.000011921E-3,
,,,868.000031915E-6,0.0,
,,,870.000047144E-6,800.000011921E-3,
,,,872.000004165E-6,0.0,
,,,874.000019394E-6,800.000011921E-3,
,,,876.000034623E-6,800.000011921E-3,
,,,878.000049852E-6,800.000011921E-3,
,,,880.000006873E-6,0.0,
,,,882.000022102E-6,800.000011921E-3,
,,,884.000037331E-6,800.000011921E-3,
,,,886.000052560E-6,800.000011921E-3,
,,,888.000009581E-6,800.000011921E-3,
,,,890.000024810E-6,0.0,
,,,892.000040039E-6,0.0,
,,,894.000055268E-6,0.0,
,,,896.000012290E-6,800.000011921E-3,
,,,898.000027519E-6,0.0,
,,,900.000042748E-6,800.000011921E-3,
,,,902.000057977E-6,800.000011921E-3,
,,,904.000014998E-6,800.000011921E-3,
,,,906.000030227E-6,0.0,
,,,908.000045456E-6,800.000011921E-3,
,,,910.000002477E-6,800.000011921E-3,
,,,912.000017706E-6,800.000011921E-3,
,,,914.000032935E-6,800.000011921E-3,
,,,916.000048164E-6,800.000011921E-3,
,,,918.000005186E-6,800.000011921E-3,
,,,920.000020415E-6,800.000011921E-3,
,,,922.000035644E-6,800.000011921E-3,
,,,924.000050873E-6,0.0,
,,,926.000007894E-6,0.0,
,,,928.000023123E-6,800.000011921E-3,
,,,930.000038352E-6,800.000011921E-3,
,,,932.000053581E-6,0.0,
,,,934.000010602E-6,800.000011921E-3,
,,,936.000025831E-6,800.000011921E-3,
,,,938.000041060E-6,0.0,
,,,940.000056289E-6,800.000011921E-3,
,,,942.000013310E-6,0.0,
,,,944.000028539E-6,0.0,
,,,946.000043768E-6,800.000011921E-3,
,,,948.000058997E-6,800.000011921E-3,
,,,950.000016019E-6,0.0,
,,,952.000031248E-6,800.000011921E-3,
,,,954.000046477E-6,800.000011921E-3,
,,,956.000003498E-6,0.0,
,,,958.000018727E-6,800.000011921E-3,
,,,960.000033956E-6,800.000011921E-3,
,,,962.000049185E-6,800.000011921E-3,
,,,964.000006206E-6,800.000011921E-3,
,,,966.000021435E-6,800.000011921E-3,
,,,968.000036664E-6,800.000011921E-3,
,,,970.000051893E-6,800.000011921E-3,
,,,972.000008915E-6,800.000011921E-3,
,,,974.000024144E-6,0.0,
,,,976.000039373E-6,0.0,
,,,977.999996394E-6,800.000011921E-3,
,,,980.000011623E-6,0.0,
,,,982.000026852E-6,0.0,
,,,984.000042081E-6,0.0,
,,,986.000057310E-6,800.000011921E-3,
,,,988.000072539E-6,800.000011921E-3,
,,,990.000087768E-6,0.0,
,,,991.999986582E-6,800.000011921E-3,
,,,994.000001810E-6,800.000011921E-3,
,,,996.000017039E-6,800.000011921E-3,
,,,998.000032268E-6,0.0,
,,,1.0000000E-3,0.0,
,,,1.0020001E-3,0.0,
,,,1.0040001E-3,800.000011921E-3,
,,,1.0060000E-3,800.000011921E-3,
,,,1.0080000E-3,800.000011921E-3,
,,,1.0100000E-3,800.000011921E-3,
,,,1.0120000E-3,800.000011921E-3,
,,,1.0140000E-3,800.000011921E-3,
,,,1.0160001E-3,800.000011921E-3,
,,,1.0180001E-3,800.000011921E-3,
,,,1.0200001E-3,800.000011921E-3,
,,,1.0220000E-3,800.000011921E-3,
,,,1.0240000E-3,0.0,
,,,1.0260000E-3,800.000011921E-3,
,,,1.0280000E-3,800.000011921E-3,
,,,1.0300000E-3,0.0,
,,,1.0320001E-3,800.000011921E-3,
,,,1.0340001E-3,800.000011921E-3,
,,,1.0360000E-3,800.000011921E-3,
,,,1.0380000E-3,800.000011921E-3,
,,,1.0400000E-3,800.000011921E-3,
,,,1.0420000E-3,800.000011921E-3,
,,,1.0440000E-3,0.0,
,,,1.0460000E-3,800.000011921E-3,
,,,1.0480001E-3,800.000011921E-3,
,,,1.0500001E-3,800.000011921E-3,
,,,1.0520000E-3,800.000011921E-3,
,,,1.0540000E-3,800.000011921E-3,
,,,1.0560000E-3,800.000011921E-3,
,,,1.0580000E-3,0.0,
,,,1.0600000E-3,800.000011921E-3,
,,,1.0620001E-3,800.000011921E-3,
,,,1.0640001E-3,800.000011921E-3,
,,,1.0660001E-3,800.000011921E-3,
,,,1.0680000E-3,800.000011921E-3,
,,,1.0700000E-3,800.000011921E-3,
,,,1.0720000E-3,800.000011921E-3,
,,,1.0740000E-3,800.000011921E-3,
,,,1.0760000E-3,800.000011921E-3,
,,,1.0780001E-3,800.000011921E-3,
,,,1.0800001E-3,0.0,
,,,1.0820000E-3,800.000011921E-3,
,,,1.0840000E-3,800.000011921E-3,
,,,1.0860000E-3,800.000011921E-3,
,,,1.0880000E-3,800.000011921E-3,
,,,1.0900000E-3,800.000011921E-3,
,,,1.0920000E-3,800.000011921E-3,
,,,1.0940001E-3,0.0,
,,,1.0960001E-3,800.000011921E-3,
,,,1.0980000E-3,800.000011921E-3,
,,,1.1000000E-3,0.0,
,,,1.1020000E-3,800.000011921E-3,
,,,1.1040000E-3,800.000011921E-3,
,,,1.1060000E-3,800.000011921E-3,
,,,1.1080001E-3,800.000011921E-3,
,,,1.1100001E-3,800.000011921E-3,
,,,1.1120001E-3,0.0,
,,,1.1140000E-3,800.000011921E-3,
,,,1.1160000E-3,800.000011921E-3,
,,,1.1180000E-3,800.000011921E-3,
,,,1.1200000E-3,800.000011921E-3,
,,,1.1220000E-3,800.000011921E-3,
,,,1.1240001E-3,800.000011921E-3,
,,,1.1260001E-3,800.000011921E-3,
,,,1.1280000E-3,800.000011921E-3,
,,,1.1300000E-3,800.000011921E-3,
,,,1.1320000E-3,800.000011921E-3,
,,,1.1340000E-3,800.000011921E-3,
,,,1.1360000E-3,800.000011921E-3,
,,,1.1380001E-3,0.0,
,,,1.1400001E-3,800.000011921E-3,
,,,1.1420001E-3,800.000011921E-3,
,,,1.1440000E-3,800.000011921E-3,
,,,1.1460000E-3,800.000011921E-3,
,,,1.1480000E-3,800.000011921E-3,
,,,1.1500000E-3,0.0,
,,,1.1520000E-3,800.000011921E-3,
,,,1.1540001E-3,800.000011921E-3,
,,,1.1560001E-3,800.000011921E-3,
,,,1.1580001E-3,800.000011921E-3,
,,,1.1600000E-3,800.000011921E-3,
,,,1.1620000E-3,800.000011921E-3,
,,,1.1640000E-3,0.0,
,,,1.1660000E-3,800.000011921E-3,
,,,1.1680000E-3,800.000011921E-3,
,,,1.1700001E-3,800.000011921E-3,
,,,1.1720001E-3,800.000011921E-3,
,,,1.1740000E-3,800.000011921E-3,
,,,1.1760000E-3,800.000011921E-3,
,,,1.1780000E-3,800.000011921E-3,
,,,1.1800000E-3,0.0,
,,,1.1820000E-3,0.0,
,,,1.1840001E-3,800.000011921E-3,
,,,1.1860001E-3,800.000011921E-3,
,,,1.1880001E-3,800.000011921E-3,
,,,1.1900000E-3,800.000011921E-3,
,,,1.1920000E-3,0.0,
,,,1.1940000E-3,0.0,
,,,1.1960000E-3,800.000011921E-3,
,,,1.1980000E-3,800.000011921E-3,
,,,1.2000001E-3,800.000011921E-3,
,,,1.2020001E-3,800.000011921E-3,
,,,1.2040001E-3,800.000011921E-3,
,,,1.2060000E-3,800.000011921E-3,
,,,1.2080000E-3,800.000011921E-3,
,,,1.2100000E-3,800.000011921E-3,
,,,1.2120000E-3,800.000011921E-3,
,,,1.2140000E-3,0.0,
,,,1.2160001E-3,800.000011921E-3,
,,,1.2180001E-3,800.000011921E-3,
,,,1.2200000E-3,0.0,
,,,1.2220000E-3,0.0,
,,,1.2240000E-3,800.000011921E-3,
,,,1.2260000E-3,0.0,
,,,1.2280000E-3,0.0,
,,,1.2300001E-3,800.000011921E-3,
,,,1.2320001E-3,800.000011921E-3,
,,,1.2340001E-3,800.000011921E-3,
,,,1.2360000E-3,800.000011921E-3,
,,,1.2380000E-3,800.000011921E-3,
,,,1.2400000E-3,800.000011921E-3,
,,,1.2420000E-3,800.000011921E-3,
,,,1.2440000E-3,800.000011921E-3,
,,,1.2460001E-3,800.000011921E-3,
,,,1.2480001E-3,800.000011921E-3,
,,,1.2500000E-3,0.0,
,,,1.2520000E-3,800.000011921E-3,
,,,1.2540000E-3,0.0,
,,,1.2560000E-3,0.0,
,,,1.2580000E-3,0.0,
,,,1.2600000E-3,0.0,
,,,1.2620001E-3,0.0,
,,,1.2640001E-3,0.0,
,,,1.2660000E-3,800.000011921E-3,
,,,1.2680000E-3,800.000011921E-3,
,,,1.2700000E-3,0.0,
,,,1.2720000E-3,800.000011921E-3,
,,,1.2740000E-3,800.000011921E-3,
,,,1.2760001E-3,800.000011921E-3,
,,,1.2780001E-3,800.000011921E-3,
,,,1.2800001E-3,0.0,
,,,1.2820000E-3,800.000011921E-3,
,,,1.2840000E-3,800.000011921E-3,
,,,1.2860000E-3,800.000011921E-3,
,,,1.2880000E-3,0.0,
,,,1.2900000E-3,0.0,
,,,1.2920001E-3,800.000011921E-3,
,,,1.2940001E-3,800.000011921E-3,
,,,1.2960000E-3,0.0,
,,,1.2980000E-3,800.000011921E-3,
,,,1.3000000E-3,800.000011921E-3,
,,,1.3020000E-3,800.000011921E-3,
,,,1.3040000E-3,0.0,
,,,1.3060000E-3,0.0,
,,,1.3080001E-3,800.000011921E-3,
,,,1.3100001E-3,800.000011921E-3,
,,,1.3120000E-3,800.000011921E-3,
,,,1.3140000E-3,0.0,
,,,1.3160000E-3,800.000011921E-3,
,,,1.3180000E-3,800.000011921E-3,
,,,1.3200000E-3,800.000011921E-3,
,,,1.3220001E-3,0.0,
,,,1.3240001E-3,800.000011921E-3,
,,,1.3260001E-3,800.000011921E-3,
,,,1.3280000E-3,0.0,
,,,1.3300000E-3,800.000011921E-3,
,,,1.3320000E-3,800.000011921E-3,
,,,1.3340000E-3,800.000011921E-3,
,,,1.3360000E-3,800.000011921E-3,
,,,1.3380001E-3,800.000011921E-3,
,,,1.3400001E-3,800.000011921E-3,
,,,1.3420000E-3,0.0,
,,,1.3440000E-3,800.000011921E-3,
,,,1.3460000E-3,800.000011921E-3,
,,,1.3480000E-3,800.000011921E-3,
,,,1.3500000E-3,0.0,
,,,1.3520001E-3,800.000011921E-3,
,,,1.3540001E-3,800.000011921E-3,
,,,1.3560001E-3,800.000011921E-3,
,,,1.3580000E-3,800.000011921E-3,
,,,1.3600000E-3,800.000011921E-3,
,,,1.3620000E-3,800.000011921E-3,
,,,1.3640000E-3,800.000011921E-3,
,,,1.3660000E-3,800.000011921E-3,
,,,1.3680001E-3,800.000011921E-3,
,,,1.3700001E-3,800.000011921E-3,
,,,1.3720001E-3,800.000011921E-3,
,,,1.3740000E-3,800.000011921E-3,
,,,1.3760000E-3,0.0,
,,,1.3780000E-3,800.000011921E-3,
,,,1.3800000E-3,800.000011921E-3,
,,,1.3820000E-3,800.000011921E-3,
,,,1.3840001E-3,800.000011921E-3,
,,,1.3860001E-3,800.000011921E-3,
,,,1.3880000E-3,0.0,
,,,1.3900000E-3,800.000011921E-3,
,,,1.3920000E-3,800.000011921E-3,
,,,1.3940000E-3,800.000011921E-3,
,,,1.3960000E-3,800.000011921E-3,
,,,1.3980001E-3,800.000011921E-3,
,,,1.4000001E-3,800.000011921E-3,
,,,1.4020001E-3,0.0,
,,,1.4040000E-3,800.000011921E-3,
,,,1.4060000E-3,800.000011921E-3,
,,,1.4080000E-3,800.000011921E-3,
,,,1.4100000E-3,800.000011921E-3,
,,,1.4120000E-3,800.000011921E-3,
,,,1.4140001E-3,0.0,
,,,1.4160001E-3,0.0,
,,,1.4180001E-3,0.0,
,,,1.4200000E-3,800.000011921E-3,
,,,1.4220000E-3,800.000011921E-3,
,,,1.4240000E-3,800.000011921E-3,
,,,1.4260000E-3,800.000011921E-3,
,,,1.4280000E-3,800.000011921E-3,
,,,1.4300001E-3,800.000011921E-3,
,,,1.4320001E-3,800.000011921E-3,
,,,1.4340000E-3,800.000011921E-3,
,,,1.4360000E-3,800.000011921E-3,
,,,1.4380000E-3,0.0,
,,,1.4400000E-3,0.0,
,,,1.4420000E-3,800.000011921E-3,
,,,1.4440001E-3,800.000011921E-3,
,,,1.4460001E-3,800.000011921E-3,
,,,1.4480001E-3,800.000011921E-3,
,,,1.4500000E-3,800.000011921E-3,
,,,1.4520000E-3,800.000011921E-3,
,,,1.4540000E-3,800.000011921E-3,
,,,1.4560000E-3,800.000011921E-3,
,,,1.4580000E-3,0.0,
,,,1.4600001E-3,800.000011921E-3,
,,,1.4620001E-3,800.000011921E-3,
,,,1.4640000E-3,800.000011921E-3,
,,,1.4660000E-3,800.000011921E-3,
,,,1.4680000E-3,800.000011921E-3,
,,,1.4700000E-3,0.0,
,,,1.4720000E-3,800.000011921E-3,
,,,1.4740000E-3,800.000011921E-3,
,,,1.4760001E-3,800.000011921E-3,
,,,1.4780001E-3,0.0,
,,,1.4800000E-3,800.000011921E-3,
,,,1.4820000E-3,800.000011921E-3,
,,,1.4840000E-3,800.000011921E-3,
,,,1.4860000E-3,800.000011921E-3,
,,,1.4880000E-3,800.000011921E-3,
,,,1.4900001E-3,800.000011921E-3,
,,,1.4920001E-3,800.000011921E-3,
,,,1.4940001E-3,0.0,
,,,1.4960000E-3,800.000011921E-3,
,,,1.4980000E-3,800.000011921E-3,
,,,1.5000000E-3,0.0,
,,,1.5020000E-3,800.000011921E-3,
,,,1.5040000E-3,800.000011921E-3,
,,,1.5060001E-3,800.000011921E-3,
,,,1.5080001E-3,0.0,
,,,1.5100000E-3,800.000011921E-3,
,,,1.5120000E-3,0.0,
,,,1.5140000E-3,800.000011921E-3,
,,,1.5160000E-3,800.000011921E-3,
,,,1.5180000E-3,800.000011921E-3,
,,,1.5200000E-3,800.000011921E-3,
,,,1.5220001E-3,0.0,
,,,1.5240001E-3,800.000011921E-3,
,,,1.5260000E-3,0.0,
,,,1.5280000E-3,800.000011921E-3,
,,,1.5300000E-3,0.0,
,,,1.5320000E-3,800.000011921E-3,
,,,1.5340000E-3,800.000011921E-3,
,,,1.5360001E-3,800.000011921E-3,
,,,1.5380001E-3,800.000011921E-3,
,,,1.5400001E-3,800.000011921E-3,
,,,1.5420000E-3,800.000011921E-3,
,,,1.5440000E-3,800.000011921E-3,
,,,1.5460000E-3,800.000011921E-3,
,,,1.5480000E-3,800.000011921E-3,
,,,1.5500000E-3,800.000011921E-3,
,,,1.5520001E-3,800.000011921E-3,
,,,1.5540001E-3,800.000011921E-3,
,,,1.5560000E-3,0.0,
,,,1.5580000E-3,800.000011921E-3,
,,,1.5600000E-3,800.000011921E-3,
,,,1.5620000E-3,800.000011921E-3,
,,,1.5640000E-3,0.0,
,,,1.5660000E-3,800.000011921E-3,
,,,1.5680001E-3,800.000011921E-3,
,,,1.5700001E-3,800.000011921E-3,
,,,1.5720000E-3,800.000011921E-3,
,,,1.5740000E-3,800.000011921E-3,
,,,1.5760000E-3,800.000011921E-3,
,,,1.5780000E-3,800.000011921E-3,
,,,1.5800000E-3,800.000011921E-3,
,,,1.5820001E-3,0.0,
,,,1.5840001E-3,800.000011921E-3,
,,,1.5860001E-3,800.000011921E-3,
,,,1.5880000E-3,0.0,
,,,1.5900000E-3,800.000011921E-3,
,,,1.5920000E-3,0.0,
,,,1.5940000E-3,0.0,
,,,1.5960000E-3,800.000011921E-3,
,,,1.5980001E-3,0.0,
,,,1.6000001E-3,800.000011921E-3,
,,,1.6020000E-3,800.000011921E-3,
,,,1.6040000E-3,800.000011921E-3,
,,,1.6060000E-3,800.000011921E-3,
,,,1.6080000E-3,800.000011921E-3,
,,,1.6100000E-3,800.000011921E-3,
,,,1.6120001E-3,800.000011921E-3,
,,,1.6140001E-3,800.000011921E-3,
,,,1.6160001E-3,800.000011921E-3,
,,,1.6180000E-3,0.0,
,,,1.6200000E-3,800.000011921E-3,
,,,1.6220000E-3,800.000011921E-3,
,,,1.6240000E-3,800.000011921E-3,
,,,1.6260000E-3,0.0,
,,,1.6280001E-3,800.000011921E-3,
,,,1.6300001E-3,800.000011921E-3,
,,,1.6320001E-3,800.000011921E-3,
,,,1.6340000E-3,800.000011921E-3,
,,,1.6360000E-3,800.000011921E-3,
,,,1.6380000E-3,0.0,
,,,1.6400000E-3,800.000011921E-3,
,,,1.6420000E-3,800.000011921E-3,
,,,1.6440001E-3,0.0,
,,,1.6460001E-3,800.000011921E-3,
,,,1.6480000E-3,0.0,
,,,1.6500000E-3,800.000011921E-3,
,,,1.6520000E-3,800.000011921E-3,
,,,1.6540000E-3,800.000011921E-3,
,,,1.6560000E-3,0.0,
,,,1.6580001E-3,800.000011921E-3,
,,,1.6600001E-3,800.000011921E-3,
,,,1.6620001E-3,800.000011921E-3,
,,,1.6640000E-3,0.0,
,,,1.6660000E-3,800.000011921E-3,
,,,1.6680000E-3,800.000011921E-3,
,,,1.6700000E-3,800.000011921E-3,
,,,1.6720000E-3,0.0,
,,,1.6740001E-3,0.0,
,,,1.6760001E-3,800.000011921E-3,
,,,1.6780000E-3,0.0,
,,,1.6800000E-3,800.000011921E-3,
,,,1.6820000E-3,800.000011921E-3,
,,,1.6840000E-3,800.000011921E-3,
,,,1.6860000E-3,800.000011921E-3,
,,,1.6880000E-3,800.000011921E-3,
,,,1.6900001E-3,800.000011921E-3,
,,,1.6920001E-3,800.000011921E-3,
,,,1.6940000E-3,800.000011921E-3,
,,,1.6960000E-3,0.0,
,,,1.6980000E-3,0.0,
,,,1.7000000E-3,800.000011921E-3,
,,,1.7020000E-3,0.0,
,,,1.7040001E-3,800.000011921E-3,
,,,1.7060001E-3,800.000011921E-3,
,,,1.7080001E-3,800.000011921E-3,
,,,1.7100000E-3,800.000011921E-3,
,,,1.7120000E-3,800.000011921E-3,
,,,1.7140000E-3,800.000011921E-3,
,,,1.7160000E-3,800.000011921E-3,
,,,1.7180000E-3,800.000011921E-3,
,,,1.7200001E-3,0.0,
,,,1.7220001E-3,800.000011921E-3,
,,,1.7240000E-3,800.000011921E-3,
,,,1.7260000E-3,800.000011921E-3,
,,,1.7280000E-3,0.0,
,,,1.7300000E-3,800.000011921E-3,
,,,1.7320000E-3,800.000011921E-3,
,,,1.7340000E-3,800.000011921E-3,
,,,1.7360001E-3,800.000011921E-3,
,,,1.7380001E-3,800.000011921E-3,
,,,1.7400000E-3,800.000011921E-3,
,,,1.7420000E-3,800.000011921E-3,
,,,1.7440000E-3,800.000011921E-3,
,,,1.7460000E-3,0.0,
,,,1.7480000E-3,800.000011921E-3,
,,,1.7500001E-3,0.0,
,,,1.7520001E-3,800.000011921E-3,
,,,1.7540001E-3,800.000011921E-3,
,,,1.7560000E-3,0.0,
,,,1.7580000E-3,800.000011921E-3,
,,,1.7600000E-3,800.000011921E-3,
,,,1.7620000E-3,800.000011921E-3,
,,,1.7640000E-3,0.0,
,,,1.7660001E-3,800.000011921E-3,
,,,1.7680001E-3,0.0,
,,,1.7700000E-3,800.000011921E-3,
,,,1.7720000E-3,0.0,
,,,1.7740000E-3,800.000011921E-3,
,,,1.7760000E-3,800.000011921E-3,
,,,1.7780000E-3,800.000011921E-3,
,,,1.7800000E-3,800.000011921E-3,
,,,1.7820001E-3,0.0,
,,,1.7840001E-3,800.000011921E-3,
,,,1.7860000E-3,800.000011921E-3,
,,,1.7880000E-3,800.000011921E-3,
,,,1.7900000E-3,800.000011921E-3,
,,,1.7920000E-3,800.000011921E-3,
,,,1.7940000E-3,0.0,
,,,1.7960001E-3,0.0,
,,,1.7980001E-3,800.000011921E-3,
,,,1.8000001E-3,800.000011921E-3,
,,,1.8020000E-3,800.000011921E-3,
,,,1.8040000E-3,0.0,
,,,1.8060000E-3,800.000011921E-3,
,,,1.8080000E-3,800.000011921E-3,
,,,1.8100000E-3,0.0,
,,,1.8120001E-3,800.000011921E-3,
,,,1.8140001E-3,800.000011921E-3,
,,,1.8160000E-3,0.0,
,,,1.8180000E-3,800.000011921E-3,
,,,1.8200000E-3,800.000011921E-3,
,,,1.8220000E-3,0.0,
,,,1.8240000E-3,0.0,
,,,1.8260001E-3,800.000011921E-3,
,,,1.8280001E-3,0.0,
,,,1.8300001E-3,0.0,
,,,1.8320000E-3,800.000011921E-3,
,,,1.8340000E-3,800.000011921E-3,
,,,1.8360000E-3,0.0,
,,,1.8380000E-3,800.000011921E-3,
,,,1.8400000E-3,800.000011921E-3,
,,,1.8420001E-3,0.0,
,,,1.8440001E-3,0.0,
,,,1.8460001E-3,800.000011921E-3,
,,,1.8480000E-3,800.000011921E-3,
,,,1.8500000E-3,800.000011921E-3,
,,,1.8520000E-3,0.0,
,,,1.8540000E-3,800.000011921E-3,
,,,1.8560000E-3,800.000011921E-3,
,,,1.8580001E-3,800.000011921E-3,
,,,1.8600001E-3,800.000011921E-3,
,,,1.8620000E-3,800.000011921E-3,
,,,1.8640000E-3,800.000011921E-3,
,,,1.8660000E-3,800.000011921E-3,
,,,1.8680000E-3,800.000011921E-3,
,,,1.8700000E-3,800.000011921E-3,
,,,1.8720001E-3,800.000011921E-3,
,,,1.8740001E-3,0.0,
,,,1.8760001E-3,800.000011921E-3,
,,,1.8780000E-3,800.000011921E-3,
,,,1.8800000E-3,800.000011921E-3,
,,,1.8820000E-3,800.000011921E-3,
,,,1.8840000E-3,800.000011921E-3,
,,,1.8860000E-3,800.000011921E-3,
,,,1.8880001E-3,800.000011921E-3,
,,,1.8900001E-3,0.0,
,,,1.8920000E-3,800.000011921E-3,
,,,1.8940000E-3,800.000011921E-3,
,,,1.8960000E-3,0.0,
,,,1.8980000E-3,0.0,
,,,1.9000000E-3,800.000011921E-3,
,,,1.9020000E-3,800.000011921E-3,
,,,1.9040001E-3,800.000011921E-3,
,,,1.9060001E-3,800.000011921E-3,
,,,1.9080000E-3,800.000011921E-3,
,,,1.9100000E-3,800.000011921E-3,
,,,1.9120000E-3,800.000011921E-3,
,,,1.9140000E-3,0.0,
,,,1.9160000E-3,800.000011921E-3,
,,,1.9180001E-3,800.000011921E-3,
,,,1.9200001E-3,800.000011921E-3,
,,,1.9220001E-3,0.0,
,,,1.9240000E-3,0.0,
,,,1.9260000E-3,800.000011921E-3,
,,,1.9280000E-3,0.0,
,,,1.9300000E-3,800.000011921E-3,
,,,1.9320000E-3,800.000011921E-3,
,,,1.9340001E-3,800.000011921E-3,
,,,1.9360001E-3,800.000011921E-3,
,,,1.9380000E-3,800.000011921E-3,
,,,1.9400000E-3,800.000011921E-3,
,,,1.9420000E-3,800.000011921E-3,
,,,1.9440000E-3,800.000011921E-3,
,,,1.9460000E-3,800.000011921E-3,
,,,1.9480000E-3,0.0,
,,,1.9500001E-3,0.0,
,,,1.9520001E-3,0.0,
,,,1.9540000E-3,800.000011921E-3,
,,,1.9560000E-3,800.000011921E-3,
,,,1.9580000E-3,0.0,
,,,1.9600000E-3,800.000011921E-3,
,,,1.9620000E-3,800.000011921E-3,
,,,1.9640001E-3,800.000011921E-3,
,,,1.9660001E-3,0.0,
,,,1.9680001E-3,0.0,
,,,1.9700001E-3,800.000011921E-3,
,,,1.9720001E-3,0.0,
,,,1.9740001E-3,0.0,
,,,1.9759999E-3,0.0,
,,,1.9779999E-3,800.000011921E-3,
,,,1.9799999E-3,800.000011921E-3,
,,,1.9820000E-3,0.0,
,,,1.9840000E-3,0.0,
,,,1.9860000E-3,800.000011921E-3,
,,,1.9880000E-3,800.000011921E-3,
,,,1.9900000E-3,800.000011921E-3,
,,,1.9920000E-3,800.000011921E-3,
,,,1.9940000E-3,800.000011921E-3,
,,,1.9960001E-3,0.0,
,,,1.9980001E-3,800.000011921E-3,
,,,2.0000001E-3,800.000011921E-3,
,,,2.0020001E-3,800.000011921E-3,
,,,2.0040001E-3,0.0,
,,,2.0060001E-3,800.000011921E-3,
,,,2.0079999E-3,800.000011921E-3,
,,,2.0099999E-3,800.000011921E-3,
,,,2.0120000E-3,800.000011921E-3,
,,,2.0140000E-3,0.0,
,,,2.0160000E-3,0.0,
,,,2.0180000E-3,800.000011921E-3,
,,,2.0200000E-3,800.000011921E-3,
,,,2.0220000E-3,800.000011921E-3,
,,,2.0240000E-3,800.000011921E-3,
,,,2.0260001E-3,800.000011921E-3,
,,,2.0280001E-3,800.000011921E-3,
,,,2.0300001E-3,0.0,
,,,2.0320001E-3,800.000011921E-3,
,,,2.0340001E-3,800.000011921E-3,
,,,2.0360001E-3,800.000011921E-3,
,,,2.0379999E-3,800.000011921E-3,
,,,2.0399999E-3,800.000011921E-3,
,,,2.0419999E-3,0.0,
,,,2.0440000E-3,0.0,
,,,2.0460000E-3,800.000011921E-3,
,,,2.0480000E-3,800.000011921E-3,
,,,2.0500000E-3,0.0,
,,,2.0520000E-3,0.0,
,,,2.0540000E-3,800.000011921E-3,
,,,2.0560001E-3,800.000011921E-3,
,,,2.0580001E-3,800.000011921E-3,
,,,2.0600001E-3,0.0,
,,,2.0620001E-3,800.000011921E-3,
,,,2.0640001E-3,800.000011921E-3,
,,,2.0660001E-3,800.000011921E-3,
,,,2.0679999E-3,0.0,
,,,2.0699999E-3,0.0,
,,,2.0719999E-3,800.000011921E-3,
,,,2.0740000E-3,800.000011921E-3,
,,,2.0760000E-3,800.000011921E-3,
,,,2.0780000E-3,800.000011921E-3,
,,,2.0800000E-3,0.0,
,,,2.0820000E-3,800.000011921E-3,
,,,2.0840000E-3,0.0,
,,,2.0860001E-3,800.000011921E-3,
,,,2.0880001E-3,800.000011921E-3,
,,,2.0900001E-3,800.000011921E-3,
,,,2.0920001E-3,800.000011921E-3,
,,,2.0940001E-3,800.000011921E-3,
,,,2.0960001E-3,800.000011921E-3,
,,,2.0980001E-3,0.0,
,,,2.0999999E-3,800.000011921E-3,
,,,2.1019999E-3,0.0,
,,,2.1040000E-3,800.000011921E-3,
,,,2.1060000E-3,800.000011921E-3,
,,,2.1080000E-3,800.000011921E-3,
,,,2.1100000E-3,0.0,
,,,2.1120000E-3,800.000011921E-3,
,,,2.1140000E-3,800.000011921E-3,
,,,2.1160000E-3,800.000011921E-3,
,,,2.1180001E-3,800.000011921E-3,
,,,2.1200001E-3,800.000011921E-3,
,,,2.1220001E-3,800.000011921E-3,
,,,2.1240001E-3,800.000011921E-3,
,,,2.1260001E-3,0.0,
,,,2.1280001E-3,800.000011921E-3,
,,,2.1299999E-3,0.0,
,,,2.1319999E-3,0.0,
,,,2.1340000E-3,0.0,
,,,2.1360000E-3,800.000011921E-3,
,,,2.1380000E-3,0.0,
,,,2.1400000E-3,800.000011921E-3,
,,,2.1420000E-3,800.000011921E-3,
,,,2.1440000E-3,800.000011921E-3,
,,,2.1460000E-3,800.000011921E-3,
,,,2.1480001E-3,800.000011921E-3,
,,,2.1500001E-3,800.000011921E-3,
,,,2.1520001E-3,800.000011921E-3,
,,,2.1540001E-3,800.000011921E-3,
,,,2.1560001E-3,800.000011921E-3,
,,,2.1580001E-3,800.000011921E-3,
,,,2.1599999E-3,0.0,
,,,2.1619999E-3,0.0,
,,,2.1639999E-3,800.000011921E-3,
,,,2.1660000E-3,800.000011921E-3,
,,,2.1680000E-3,0.0,
,,,2.1700000E-3,800.000011921E-3,
,,,2.1720000E-3,800.000011921E-3,
,,,2.1740000E-3,800.000011921E-3,
,,,2.1760000E-3,800.000011921E-3,
,,,2.1780001E-3,800.000011921E-3,
,,,2.1800001E-3,800.000011921E-3,
,,,2.1820001E-3,800.000011921E-3,
,,,2.1840001E-3,0.0,
,,,2.1860001E-3,800.000011921E-3,
,,,2.1880001E-3,0.0,
,,,2.1899999E-3,0.0,
,,,2.1919999E-3,0.0,
,,,2.1939999E-3,0.0,
,,,2.1960000E-3,800.000011921E-3,
,,,2.1980000E-3,800.000011921E-3,
,,,2.2000000E-3,0.0,
,,,2.2020000E-3,0.0,
,,,2.2040000E-3,0.0,
,,,2.2060000E-3,800.000011921E-3,
,,,2.2080000E-3,800.000011921E-3,
,,,2.2100001E-3,800.000011921E-3,
,,,2.2120001E-3,800.000011921E-3,
,,,2.2140001E-3,0.0,
,,,2.2160001E-3,800.000011921E-3,
,,,2.2180001E-3,800.000011921E-3,
,,,2.2200001E-3,800.000011921E-3,
,,,2.2219999E-3,800.000011921E-3,
,,,2.2239999E-3,800.000011921E-3,
,,,2.2260000E-3,800.000011921E-3,
,,,2.2280000E-3,800.000011921E-3,
,,,2.2300000E-3,800.000011921E-3,
,,,2.2320000E-3,800.000011921E-3,
,,,2.2340000E-3,800.000011921E-3,
,,,2.2360000E-3,800.000011921E-3,
,,,2.2380000E-3,800.000011921E-3,
,,,2.2400001E-3,800.000011921E-3,
,,,2.2420001E-3,800.000011921E-3,
,,,2.2440001E-3,800.000011921E-3,
,,,2.2460001E-3,800.000011921E-3,
,,,2.2480001E-3,800.000011921E-3,
,,,2.2500001E-3,800.000011921E-3,
,,,2.2519999E-3,0.0,
,,,2.2539999E-3,800.000011921E-3,
,,,2.2559999E-3,800.000011921E-3,
,,,2.2580000E-3,0.0,
,,,2.2600000E-3,800.000011921E-3,
,,,2.2620000E-3,800.000011921E-3,
,,,2.2640000E-3,800.000011921E-3,
,,,2.2660000E-3,800.000011921E-3,
,,,2.2680000E-3,800.000011921E-3,
,,,2.2700001E-3,800.000011921E-3,
,,,2.2720001E-3,800.000011921E-3,
,,,2.2740001E-3,800.000011921E-3,
,,,2.2760001E-3,0.0,
,,,2.2780001E-3,800.000011921E-3,
,,,2.2800001E-3,0.0,
,,,2.2819999E-3,800.000011921E-3,
,,,2.2839999E-3,800.000011921E-3,
,,,2.2859999E-3,800.000011921E-3,
,,,2.2880000E-3,800.000011921E-3,
,,,2.2900000E-3,800.000011921E-3,
,,,2.2920000E-3,800.000011921E-3,
,,,2.2940000E-3,0.0,
,,,2.2960000E-3,800.000011921E-3,
,,,2.2980000E-3,800.000011921E-3,
,,,2.3000001E-3,800.000011921E-3,
,,,2.3020001E-3,800.000011921E-3,
,,,2.3040001E-3,0.0,
,,,2.3060001E-3,800.000011921E-3,
,,,2.3080001E-3,800.000011921E-3,
,,,2.3100001E-3,800.000011921E-3,
,,,2.3120001E-3,800.000011921E-3,
,,,2.3139999E-3,800.000011921E-3,
,,,2.3159999E-3,0.0,
,,,2.3180000E-3,0.0,
,,,2.3200000E-3,800.000011921E-3,
,,,2.3220000E-3,800.000011921E-3,
,,,2.3240000E-3,800.000011921E-3,
,,,2.3260000E-3,800.000011921E-3,
,,,2.3280000E-3,800.000011921E-3,
,,,2.3300000E-3,800.000011921E-3,
,,,2.3320001E-3,0.0,
,,,2.3340001E-3,0.0,
,,,2.3360001E-3,800.000011921E-3,
,,,2.3380001E-3,800.000011921E-3,
,,,2.3400001E-3,800.000011921E-3,
,,,2.3420001E-3,800.000011921E-3,
,,,2.3439999E-3,800.000011921E-3,
,,,2.3459999E-3,800.000011921E-3,
,,,2.3480000E-3,0.0,
,,,2.3500000E-3,800.000011921E-3,
,,,2.3520000E-3,0.0,
,,,2.3540000E-3,0.0,
,,,2.3560000E-3,0.0,
,,,2.3580000E-3,0.0,
,,,2.3600000E-3,0.0,
,,,2.3620001E-3,800.000011921E-3,
,,,2.3640001E-3,800.000011921E-3,
,,,2.3660001E-3,800.000011921E-3,
,,,2.3680001E-3,800.000011921E-3,
,,,2.3700001E-3,800.000011921E-3,
,,,2.3720001E-3,800.000011921E-3,
,,,2.3739999E-3,800.000011921E-3,
,,,2.3759999E-3,800.000011921E-3,
,,,2.3779999E-3,800.000011921E-3,
,,,2.3800000E-3,0.0,
,,,2.3820000E-3,800.000011921E-3,
,,,2.3840000E-3,800.000011921E-3,
,,,2.3860000E-3,800.000011921E-3,
,,,2.3880000E-3,0.0,
,,,2.3900000E-3,0.0,
,,,2.3920001E-3,0.0,
,,,2.3940001E-3,800.000011921E-3,
,,,2.3960001E-3,800.000011921E-3,
,,,2.3980001E-3,800.000011921E-3,
,,,2.4000001E-3,800.000011921E-3,
,,,2.4020001E-3,0.0,
,,,2.4039999E-3,800.000011921E-3,
,,,2.4059999E-3,800.000011921E-3,
,,,2.4079999E-3,800.000011921E-3,
,,,2.4100000E-3,800.000011921E-3,
,,,2.4120000E-3,800.000011921E-3,
,,,2.4140000E-3,0.0,
,,,2.4160000E-3,0.0,
,,,2.4180000E-3,0.0,
,,,2.4200000E-3,800.000011921E-3,
,,,2.4220000E-3,0.0,
,,,2.4240001E-3,800.000011921E-3,
,,,2.4260001E-3,800.000011921E-3,
,,,2.4280001E-3,0.0,
,,,2.4300001E-3,800.000011921E-3,
,,,2.4320001E-3,800.000011921E-3,
,,,2.4340001E-3,0.0,
,,,2.4359999E-3,800.000011921E-3,
,,,2.4379999E-3,800.000011921E-3,
,,,2.4400000E-3,800.000011921E-3,
,,,2.4420000E-3,800.000011921E-3,
,,,2.4440000E-3,800.000011921E-3,
,,,2.4460000E-3,800.000011921E-3,
,,,2.4480000E-3,800.000011921E-3,
,,,2.4500000E-3,0.0,
,,,2.4520000E-3,800.000011921E-3,
,,,2.4540001E-3,800.000011921E-3,
,,,2.4560001E-3,800.000011921E-3,
,,,2.4580001E-3,800.000011921E-3,
,,,2.4600001E-3,800.000011921E-3,
,,,2.4620001E-3,800.000011921E-3,
,,,2.4640001E-3,0.0,
,,,2.4659999E-3,800.000011921E-3,
,,,2.4679999E-3,800.000011921E-3,
,,,2.4699999E-3,800.000011921E-3,
,,,2.4720000E-3,800.000011921E-3,
,,,2.4740000E-3,800.000011921E-3,
,,,2.4760000E-3,800.000011921E-3,
,,,2.4780000E-3,800.000011921E-3,
,,,2.4800000E-3,800.000011921E-3,
,,,2.4820000E-3,800.000011921E-3,
,,,2.4840001E-3,0.0,
,,,2.4860001E-3,800.000011921E-3,
,,,2.4880001E-3,800.000011921E-3,
,,,2.4900001E-3,800.000011921E-3,
,,,2.4920001E-3,800.000011921E-3,
,,,2.4940001E-3,800.000011921E-3,
,,,2.4959999E-3,800.000011921E-3,
,,,2.4979999E-3,0.0,
,,,2.4999999E-3,800.000011921E-3,
,,,2.5020000E-3,800.000011921E-3,
,,,2.5040000E-3,800.000011921E-3,
,,,2.5060000E-3,800.000011921E-3,
,,,2.5080000E-3,0.0,
,,,2.5100000E-3,800.000011921E-3,
,,,2.5120000E-3,800.000011921E-3,
,,,2.5140001E-3,800.000011921E-3,
,,,2.5160001E-3,800.000011921E-3,
,,,2.5180001E-3,0.0,
,,,2.5200001E-3,800.000011921E-3,
,,,2.5220001E-3,800.000011921E-3,
,,,2.5240001E-3,800.000011921E-3,
,,,2.5260001E-3,800.000011921E-3,
,,,2.5279999E-3,800.000011921E-3,
,,,2.5299999E-3,800.000011921E-3,
,,,2.5320000E-3,800.000011921E-3,
,,,2.5340000E-3,800.000011921E-3,
,,,2.5360000E-3,800.000011921E-3,
,,,2.5380000E-3,0.0,
,,,2.5400000E-3,0.0,
,,,2.5420000E-3,0.0,
,,,2.5440000E-3,0.0,
,,,2.5460001E-3,800.000011921E-3,
,,,2.5480001E-3,800.000011921E-3,
,,,2.5500001E-3,800.000011921E-3,
,,,2.5520001E-3,800.000011921E-3,
,,,2.5540001E-3,800.000011921E-3,
,,,2.5560001E-3,800.000011921E-3,
,,,2.5579999E-3,800.000011921E-3,
,,,2.5599999E-3,0.0,
,,,2.5620000E-3,800.000011921E-3,
,,,2.5640000E-3,0.0,
,,,2.5660000E-3,800.000011921E-3,
,,,2.5680000E-3,800.000011921E-3,
,,,2.5700000E-3,800.000011921E-3,
,,,2.5720000E-3,800.000011921E-3,
,,,2.5740000E-3,800.000011921E-3,
,,,2.5760001E-3,0.0,
,,,2.5780001E-3,800.000011921E-3,
,,,2.5800001E-3,800.000011921E-3,
,,,2.5820001E-3,0.0,
,,,2.5840001E-3,800.000011921E-3,
,,,2.5860001E-3,800.000011921E-3,
,,,2.5879999E-3,0.0,
,,,2.5899999E-3,800.000011921E-3,
,,,2.5919999E-3,800.000011921E-3,
,,,2.5940000E-3,0.0,
,,,2.5960000E-3,800.000011921E-3,
,,,2.5980000E-3,800.000011921E-3,
,,,2.6000000E-3,800.000011921E-3,
,,,2.6020000E-3,800.000011921E-3,
,,,2.6040000E-3,800.000011921E-3,
,,,2.6060001E-3,0.0,
,,,2.6080001E-3,800.000011921E-3,
,,,2.6100001E-3,800.000011921E-3,
,,,2.6120001E-3,800.000011921E-3,
,,,2.6140001E-3,0.0,
,,,2.6160001E-3,800.000011921E-3,
,,,2.6179999E-3,0.0,
,,,2.6199999E-3,800.000011921E-3,
,,,2.6219999E-3,800.000011921E-3,
,,,2.6240000E-3,800.000011921E-3,
,,,2.6260000E-3,800.000011921E-3,
,,,2.6280000E-3,800.000011921E-3,
,,,2.6300000E-3,800.000011921E-3,
,,,2.6320000E-3,800.000011921E-3,
,,,2.6340000E-3,0.0,
,,,2.6360000E-3,800.000011921E-3,
,,,2.6380001E-3,800.000011921E-3,
,,,2.6400001E-3,800.000011921E-3,
,,,2.6420001E-3,800.000011921E-3,
,,,2.6440001E-3,800.000011921E-3,
,,,2.6460001E-3,800.000011921E-3,
,,,2.6480001E-3,800.000011921E-3,
,,,2.6499999E-3,800.000011921E-3,
,,,2.6519999E-3,800.000011921E-3,
,,,2.6540000E-3,0.0,
,,,2.6560000E-3,800.000011921E-3,
,,,2.6580000E-3,800.000011921E-3,
,,,2.6600000E-3,800.000011921E-3,
,,,2.6620000E-3,0.0,
,,,2.6640000E-3,800.000011921E-3,
,,,2.6660000E-3,800.000011921E-3,
,,,2.6680001E-3,800.000011921E-3,
,,,2.6700001E-3,800.000011921E-3,
,,,2.6720001E-3,800.000011921E-3,
,,,2.6740001E-3,800.000011921E-3,
,,,2.6760001E-3,0.0,
,,,2.6780001E-3,800.000011921E-3,
,,,2.6799999E-3,800.000011921E-3,
,,,2.6819999E-3,800.000011921E-3,
,,,2.6839999E-3,800.000011921E-3,
,,,2.6860000E-3,800.000011921E-3,
,,,2.6880000E-3,800.000011921E-3,
,,,2.6900000E-3,800.000011921E-3,
,,,2.6920000E-3,800.000011921E-3,
,,,2.6940000E-3,800.000011921E-3,
,,,2.6960000E-3,800.000011921E-3,
,,,2.6980001E-3,800.000011921E-3,
,,,2.7000001E-3,0.0,
,,,2.7020001E-3,800.000011921E-3,
,,,2.7040001E-3,800.000011921E-3,
,,,2.7060001E-3,800.000011921E-3,
,,,2.7080001E-3,800.000011921E-3,
,,,2.7099999E-3,800.000011921E-3,
,,,2.7119999E-3,800.000011921E-3,
,,,2.7139999E-3,0.0,
,,,2.7160000E-3,0.0,
,,,2.7180000E-3,800.000011921E-3,
,,,2.71999999E-3,800.000011921E-3,
,,,2.72200000E-3,800.000011921E-3,
,,,2.72400002E-3,800.000011921E-3,
,,,2.72600004E-3,800.000011921E-3,
,,,2.72800005E-3,0.0,
,,,2.73000007E-3,800.000011921E-3,
,,,2.73200008E-3,0.0,
,,,2.73400010E-3,0.0,
,,,2.73600011E-3,800.000011921E-3,
,,,2.73800013E-3,0.0,
,,,2.74000014E-3,800.000011921E-3,
,,,2.74199992E-3,800.000011921E-3,
,,,2.74399994E-3,800.000011921E-3,
,,,2.74599995E-3,800.000011921E-3,
,,,2.74799997E-3,800.000011921E-3,
,,,2.74999999E-3,800.000011921E-3,
,,,2.75200000E-3,800.000011921E-3,
,,,2.75400002E-3,800.000011921E-3,
,,,2.75600003E-3,800.000011921E-3,
,,,2.75800005E-3,0.0,
,,,2.76000006E-3,800.000011921E-3,
,,,2.76200008E-3,0.0,
,,,2.76400009E-3,0.0,
,,,2.76600011E-3,800.000011921E-3,
,,,2.76800012E-3,800.000011921E-3,
,,,2.77000014E-3,800.000011921E-3,
,,,2.77199992E-3,800.000011921E-3,
,,,2.77399994E-3,800.000011921E-3,
,,,2.77599995E-3,800.000011921E-3,
,,,2.77799997E-3,800.000011921E-3,
,,,2.77999998E-3,0.0,
,,,2.78200000E-3,0.0,
,,,2.78400001E-3,800.000011921E-3,
,,,2.78600003E-3,800.000011921E-3,
,,,2.78800004E-3,800.000011921E-3,
,,,2.79000006E-3,800.000011921E-3,
,,,2.79200007E-3,800.000011921E-3,
,,,2.79400009E-3,0.0,
,,,2.79600010E-3,800.000011921E-3,
,,,2.79800012E-3,800.000011921E-3,
,,,2.80000013E-3,800.000011921E-3,
,,,2.80199992E-3,800.000011921E-3,
,,,2.80399993E-3,800.000011921E-3,
,,,2.80599995E-3,800.000011921E-3,
,,,2.80799996E-3,800.000011921E-3,
,,,2.80999998E-3,800.000011921E-3,
,,,2.81199999E-3,800.000011921E-3,
,,,2.81400001E-3,0.0,
,,,2.81600002E-3,0.0,
,,,2.81800004E-3,0.0,
,,,2.82000005E-3,800.000011921E-3,
,,,2.82200007E-3,800.000011921E-3,
,,,2.82400008E-3,800.000011921E-3,
,,,2.82600010E-3,800.000011921E-3,
,,,2.82800011E-3,800.000011921E-3,
,,,2.83000013E-3,800.000011921E-3,
,,,2.83199991E-3,0.0,
,,,2.83399993E-3,800.000011921E-3,
,,,2.83599994E-3,0.0,
,,,2.83799996E-3,800.000011921E-3,
,,,2.83999997E-3,800.000011921E-3,
,,,2.84199999E-3,800.000011921E-3,
,,,2.84400000E-3,0.0,
,,,2.84600002E-3,800.000011921E-3,
,,,2.84800003E-3,800.000011921E-3,
,,,2.85000005E-3,800.000011921E-3,
,,,2.85200006E-3,800.000011921E-3,
,,,2.85400008E-3,0.0,
,,,2.85600009E-3,800.000011921E-3,
,,,2.85800011E-3,800.000011921E-3,
,,,2.86000012E-3,800.000011921E-3,
,,,2.86200014E-3,0.0,
,,,2.86399992E-3,0.0,
,,,2.86599994E-3,0.0,
,,,2.86799995E-3,800.000011921E-3,
,,,2.86999997E-3,0.0,
,,,2.87199998E-3,0.0,
,,,2.87400000E-3,800.000011921E-3,
,,,2.87600001E-3,800.000011921E-3,
,,,2.87800003E-3,800.000011921E-3,
,,,2.88000004E-3,0.0,
,,,2.88200006E-3,0.0,
,,,2.88400007E-3,0.0,
,,,2.88600009E-3,800.000011921E-3,
,,,2.88800010E-3,800.000011921E-3,
,,,2.89000012E-3,800.000011921E-3,
,,,2.89200014E-3,0.0,
,,,2.89399992E-3,0.0,
,,,2.89599993E-3,800.000011921E-3,
,,,2.89799995E-3,800.000011921E-3,
,,,2.89999996E-3,0.0,
,,,2.90199998E-3,800.000011921E-3,
,,,2.90399999E-3,0.0,
,,,2.90600001E-3,800.000011921E-3,
,,,2.90800002E-3,800.000011921E-3,
,,,2.91000004E-3,0.0,
,,,2.91200005E-3,0.0,
,,,2.91400007E-3,800.000011921E-3,
,,,2.91600008E-3,800.000011921E-3,
,,,2.91800010E-3,800.000011921E-3,
,,,2.92000012E-3,0.0,
,,,2.92200013E-3,0.0,
,,,2.92399991E-3,800.000011921E-3,
,,,2.92599993E-3,800.000011921E-3,
,,,2.92799994E-3,800.000011921E-3,
,,,2.92999996E-3,800.000011921E-3,
,,,2.93199997E-3,0.0,
,,,2.93399999E-3,800.000011921E-3,
,,,2.93600000E-3,0.0,
,,,2.93800002E-3,800.000011921E-3,
,,,2.94000003E-3,800.000011921E-3,
,,,2.94200005E-3,800.000011921E-3,
,,,2.94400007E-3,0.0,
,,,2.94600008E-3,800.000011921E-3,
,,,2.94800010E-3,800.000011921E-3,
,,,2.95000011E-3,800.000011921E-3,
,,,2.95200013E-3,0.0,
,,,2.95400014E-3,800.000011921E-3,
,,,2.95599992E-3,0.0,
,,,2.95799994E-3,800.000011921E-3,
,,,2.95999995E-3,0.0,
,,,2.96199997E-3,800.000011921E-3,
,,,2.96399998E-3,800.000011921E-3,
,,,2.96600000E-3,0.0,
,,,2.96800002E-3,0.0,
,,,2.97000003E-3,800.000011921E-3,
,,,2.97200005E-3,800.000011921E-3,
,,,2.97400006E-3,800.000011921E-3,
,,,2.97600008E-3,800.000011921E-3,
,,,2.97800009E-3,800.000011921E-3,
,,,2.98000011E-3,800.000011921E-3,
,,,2.98200012E-3,800.000011921E-3,
,,,2.98400014E-3,800.000011921E-3,
,,,2.98599992E-3,0.0,
,,,2.98799993E-3,800.000011921E-3,
,,,2.98999995E-3,800.000011921E-3,
,,,2.99199997E-3,800.000011921E-3,
,,,2.99399998E-3,800.000011921E-3,
,,,2.99600000E-3,0.0,
,,,2.99800001E-3,0.0,
,,,3.00000003E-3,800.000011921E-3,
,,,3.00200004E-3,0.0,
,,,3.00400006E-3,0.0,
,,,3.00600007E-3,800.000011921E-3,
,,,3.00800009E-3,800.000011921E-3,
,,,3.01000010E-3,0.0,
,,,3.01200012E-3,800.000011921E-3,
,,,3.01400013E-3,800.000011921E-3,
,,,3.01599992E-3,0.0,
,,,3.01799993E-3,800.000011921E-3,
,,,3.01999995E-3,0.0,
,,,3.02199996E-3,800.000011921E-3,
,,,3.02399998E-3,0.0,
,,,3.02599999E-3,800.000011921E-3,
,,,3.02800001E-3,0.0,
,,,3.03000002E-3,800.000011921E-3,
,,,3.03200004E-3,0.0,
,,,3.03400005E-3,800.000011921E-3,
,,,3.03600007E-3,800.000011921E-3,
,,,3.03800008E-3,0.0,
,,,3.04000010E-3,800.000011921E-3,
,,,3.04200011E-3,800.000011921E-3,
,,,3.04400013E-3,800.000011921E-3,
,,,3.04599991E-3,800.000011921E-3,
,,,3.04799993E-3,800.000011921E-3,
,,,3.04999994E-3,800.000011921E-3,
,,,3.05199996E-3,800.000011921E-3,
,,,3.05399997E-3,800.000011921E-3,
,,,3.05599999E-3,800.000011921E-3,
,,,3.05800000E-3,800.000011921E-3,
,,,3.06000002E-3,800.000011921E-3,
,,,3.06200003E-3,800.000011921E-3,
,,,3.06400005E-3,800.000011921E-3,
,,,3.06600006E-3,800.000011921E-3,
,,,3.06800008E-3,800.000011921E-3,
,,,3.07000009E-3,0.0,
,,,3.07200011E-3,0.0,
,,,3.07400012E-3,800.000011921E-3,
,,,3.07600014E-3,0.0,
,,,3.07799992E-3,800.000011921E-3,
,,,3.07999994E-3,800.000011921E-3,
,,,3.08199995E-3,0.0,
,,,3.08399997E-3,800.000011921E-3,
,,,3.08599998E-3,0.0,
,,,3.08800000E-3,0.0,
,,,3.09000001E-3,800.000011921E-3,
,,,3.09200003E-3,800.000011921E-3,
,,,3.09400004E-3,800.000011921E-3,
,,,3.09600006E-3,0.0,
,,,3.09800007E-3,800.000011921E-3,
,,,3.10000009E-3,800.000011921E-3,
,,,3.10200010E-3,0.0,
,,,3.10400012E-3,800.000011921E-3,
,,,3.10600013E-3,800.000011921E-3,
,,,3.10799992E-3,0.0,
,,,3.10999993E-3,800.000011921E-3,
,,,3.11199995E-3,800.000011921E-3,
,,,3.11399996E-3,800.000011921E-3,
,,,3.11599998E-3,800.000011921E-3,
,,,3.11799999E-3,800.000011921E-3,
,,,3.12000001E-3,800.000011921E-3,
,,,3.12200002E-3,800.000011921E-3,
,,,3.12400004E-3,800.000011921E-3,
,,,3.12600005E-3,800.000011921E-3,
,,,3.12800007E-3,800.000011921E-3,
,,,3.13000008E-3,800.000011921E-3,
,,,3.13200010E-3,800.000011921E-3,
,,,3.13400012E-3,800.000011921E-3,
,,,3.13600013E-3,0.0,
,,,3.13799991E-3,800.000011921E-3,
,,,3.13999993E-3,800.000011921E-3,
,,,3.14199994E-3,800.000011921E-3,
,,,3.14399996E-3,800.000011921E-3,
,,,3.14599997E-3,800.000011921E-3,
,,,3.14799999E-3,0.0,
,,,3.15000000E-3,800.000011921E-3,
,,,3.15200002E-3,800.000011921E-3,
,,,3.15400003E-3,800.000011921E-3,
,,,3.15600005E-3,800.000011921E-3,
,,,3.15800007E-3,800.000011921E-3,
,,,3.16000008E-3,0.0,
,,,3.16200010E-3,800.000011921E-3,
,,,3.16400011E-3,0.0,
,,,3.16600013E-3,800.000011921E-3,
,,,3.16800014E-3,800.000011921E-3,
,,,3.16999992E-3,0.0,
,,,3.17199994E-3,800.000011921E-3,
,,,3.17399995E-3,800.000011921E-3,
,,,3.17599997E-3,800.000011921E-3,
,,,3.17799998E-3,800.000011921E-3,
,,,3.18000000E-3,800.000011921E-3,
,,,3.18200001E-3,0.0,
,,,3.18400003E-3,800.000011921E-3,
,,,3.18600005E-3,800.000011921E-3,
,,,3.18800006E-3,800.000011921E-3,
,,,3.19000008E-3,800.000011921E-3,
,,,3.19200009E-3,0.0,
,,,3.19400011E-3,0.0,
,,,3.19600012E-3,0.0,
,,,3.19800014E-3,0.0,
,,,3.19999992E-3,800.000011921E-3,
,,,3.20199993E-3,800.000011921E-3,
,,,3.20399995E-3,800.000011921E-3,
,,,3.20599996E-3,800.000011921E-3,
,,,3.20799998E-3,800.000011921E-3,
,,,3.21000000E-3,0.0,
,,,3.21200001E-3,800.000011921E-3,
,,,3.21400003E-3,800.000011921E-3,
,,,3.21600004E-3,800.000011921E-3,
,,,3.21800006E-3,800.000011921E-3,
,,,3.22000007E-3,0.0,
,,,3.22200009E-3,0.0,
,,,3.22400010E-3,800.000011921E-3,
,,,3.22600012E-3,0.0,
,,,3.22800013E-3,0.0,
,,,3.22999991E-3,800.000011921E-3,
,,,3.23199993E-3,800.000011921E-3,
,,,3.23399995E-3,800.000011921E-3,
,,,3.23599996E-3,800.000011921E-3,
,,,3.23799998E-3,800.000011921E-3,
,,,3.23999999E-3,0.0,
,,,3.24200001E-3,800.000011921E-3,
,,,3.24400002E-3,800.000011921E-3,
,,,3.24600004E-3,800.000011921E-3,
,,,3.24800005E-3,800.000011921E-3,
,,,3.25000007E-3,800.000011921E-3,
,,,3.25200008E-3,800.000011921E-3,
,,,3.25400010E-3,0.0,
,,,3.25600011E-3,800.000011921E-3,
,,,3.25800013E-3,800.000011921E-3,
,,,3.25999991E-3,0.0,
,,,3.26199993E-3,0.0,
,,,3.26399994E-3,800.000011921E-3,
,,,3.26599996E-3,800.000011921E-3,
,,,3.26799997E-3,800.000011921E-3,
,,,3.26999999E-3,800.000011921E-3,
,,,3.27200000E-3,800.000011921E-3,
,,,3.27400002E-3,800.000011921E-3,
,,,3.27600003E-3,800.000011921E-3,
,,,3.27800005E-3,0.0,
,,,3.28000006E-3,800.000011921E-3,
,,,3.28200008E-3,0.0,
,,,3.28400009E-3,800.000011921E-3,
,,,3.28600011E-3,800.000011921E-3,
,,,3.28800012E-3,0.0,
,,,3.29000014E-3,800.000011921E-3,
,,,3.29199992E-3,800.000011921E-3,
,,,3.29399994E-3,800.000011921E-3,
,,,3.29599995E-3,800.000011921E-3,
,,,3.29799997E-3,800.000011921E-3,
,,,3.29999998E-3,800.000011921E-3,
,,,3.30200000E-3,800.000011921E-3,
,,,3.30400001E-3,800.000011921E-3,
,,,3.30600003E-3,800.000011921E-3,
,,,3.30800004E-3,800.000011921E-3,
,,,3.31000006E-3,800.000011921E-3,
,,,3.31200007E-3,800.000011921E-3,
,,,3.31400009E-3,0.0,
,,,3.31600010E-3,800.000011921E-3,
,,,3.31800012E-3,800.000011921E-3,
,,,3.32000013E-3,800.000011921E-3,
,,,3.32199992E-3,800.000011921E-3,
,,,3.32399993E-3,800.000011921E-3,
,,,3.32599995E-3,0.0,
,,,3.32799996E-3,800.000011921E-3,
,,,3.32999998E-3,800.000011921E-3,
,,,3.33199999E-3,800.000011921E-3,
,,,3.33400001E-3,0.0,
,,,3.33600002E-3,800.000011921E-3,
,,,3.33800004E-3,800.000011921E-3,
,,,3.34000005E-3,800.000011921E-3,
,,,3.34200007E-3,800.000011921E-3,
,,,3.34400008E-3,800.000011921E-3,
,,,3.34600010E-3,800.000011921E-3,
,,,3.34800011E-3,800.000011921E-3,
,,,3.35000013E-3,800.000011921E-3,
,,,3.35199991E-3,0.0,
,,,3.35399993E-3,0.0,
,,,3.35599994E-3,800.000011921E-3,
,,,3.35799996E-3,0.0,
,,,3.35999997E-3,800.000011921E-3,
,,,3.36199999E-3,800.000011921E-3,
,,,3.36400000E-3,800.000011921E-3,
,,,3.36600002E-3,800.000011921E-3,
,,,3.36800003E-3,0.0,
,,,3.37000005E-3,0.0,
,,,3.37200006E-3,0.0,
,,,3.37400008E-3,800.000011921E-3,
,,,3.37600010E-3,0.0,
,,,3.37800011E-3,0.0,
,,,3.38000013E-3,0.0,
,,,3.38200014E-3,800.000011921E-3,
,,,3.38399992E-3,800.000011921E-3,
,,,3.38599994E-3,800.000011921E-3,
,,,3.38799995E-3,800.000011921E-3,
,,,3.38999997E-3,800.000011921E-3,
,,,3.39199998E-3,0.0,
,,,3.39400000E-3,800.000011921E-3,
,,,3.39600001E-3,800.000011921E-3,
,,,3.39800003E-3,0.0,
,,,3.40000005E-3,800.000011921E-3,
,,,3.40200006E-3,0.0,
,,,3.40400008E-3,0.0,
,,,3.40600009E-3,0.0,
,,,3.40800011E-3,0.0,
,,,3.41000012E-3,800.000011921E-3,
,,,3.41200014E-3,800.000011921E-3,
,,,3.41399992E-3,0.0,
,,,3.41599993E-3,800.000011921E-3,
,,,3.41799995E-3,0.0,
,,,3.41999996E-3,0.0,
,,,3.42199998E-3,800.000011921E-3,
,,,3.42399999E-3,800.000011921E-3,
,,,3.42600001E-3,800.000011921E-3,
,,,3.42800003E-3,800.000011921E-3,
,,,3.43000004E-3,800.000011921E-3,
,,,3.43200006E-3,800.000011921E-3,
,,,3.43400007E-3,800.000011921E-3,
,,,3.43600009E-3,800.000011921E-3,
,,,3.43800010E-3,0.0,
,,,3.44000012E-3,800.000011921E-3,
,,,3.44200013E-3,800.000011921E-3,
,,,3.44399991E-3,0.0,
,,,3.44599993E-3,800.000011921E-3,
,,,3.44799994E-3,800.000011921E-3,
,,,3.44999996E-3,0.0,
,,,3.45199998E-3,0.0,
,,,3.45399999E-3,800.000011921E-3,
,,,3.45600001E-3,800.000011921E-3,
,,,3.45800002E-3,800.000011921E-3,
,,,3.46000004E-3,800.000011921E-3,
,,,3.46200005E-3,800.000011921E-3,
,,,3.46400007E-3,800.000011921E-3,
,,,3.46600008E-3,800.000011921E-3,
,,,3.46800010E-3,0.0,
,,,3.47000011E-3,0.0,
,,,3.47200013E-3,800.000011921E-3,
,,,3.47399991E-3,0.0,
,,,3.47599993E-3,0.0,
,,,3.47799994E-3,800.000011921E-3,
,,,3.47999996E-3,800.000011921E-3,
,,,3.48199997E-3,800.000011921E-3,
,,,3.48399999E-3,800.000011921E-3,
,,,3.48600000E-3,800.000011921E-3,
,,,3.48800002E-3,800.000011921E-3,
,,,3.49000003E-3,800.000011921E-3,
,,,3.49200005E-3,800.000011921E-3,
,,,3.49400006E-3,0.0,
,,,3.49600008E-3,0.0,
,,,3.49800009E-3,800.000011921E-3,
,,,3.50000011E-3,800.000011921E-3,
,,,3.50200012E-3,800.000011921E-3,
,,,3.50400014E-3,800.000011921E-3,
,,,3.50599992E-3,800.000011921E-3,
,,,3.50799994E-3,0.0,
,,,3.50999995E-3,0.0,
,,,3.51199997E-3,800.000011921E-3,
,,,3.51399998E-3,0.0,
,,,3.51600000E-3,0.0,
,,,3.51800001E-3,0.0,
,,,3.52000003E-3,800.000011921E-3,
,,,3.52200004E-3,800.000011921E-3,
,,,3.52400006E-3,800.000011921E-3,
,,,3.52600007E-3,800.000011921E-3,
,,,3.52800009E-3,800.000011921E-3,
,,,3.53000010E-3,800.000011921E-3,
,,,3.53200012E-3,800.000011921E-3,
,,,3.53400013E-3,0.0,
,,,3.53599992E-3,800.000011921E-3,
,,,3.53799993E-3,0.0,
,,,3.53999995E-3,800.000011921E-3,
,,,3.54199996E-3,800.000011921E-3,
,,,3.54399998E-3,800.000011921E-3,
,,,3.54599999E-3,0.0,
,,,3.54800001E-3,800.000011921E-3,
,,,3.55000002E-3,0.0,
,,,3.55200004E-3,0.0,
,,,3.55400005E-3,0.0,
,,,3.55600007E-3,800.000011921E-3,
,,,3.55800008E-3,800.000011921E-3,
,,,3.56000010E-3,800.000011921E-3,
,,,3.56200011E-3,800.000011921E-3,
,,,3.56400013E-3,800.000011921E-3,
,,,3.56599991E-3,800.000011921E-3,
,,,3.56799993E-3,0.0,
,,,3.56999994E-3,800.000011921E-3,
,,,3.57199996E-3,800.000011921E-3,
,,,3.57399997E-3,800.000011921E-3,
,,,3.57599999E-3,800.000011921E-3,
,,,3.57800000E-3,0.0,
,,,3.58000002E-3,800.000011921E-3,
,,,3.58200003E-3,800.000011921E-3,
,,,3.58400005E-3,800.000011921E-3,
,,,3.58600006E-3,800.000011921E-3,
,,,3.58800008E-3,800.000011921E-3,
,,,3.59000009E-3,800.000011921E-3,
,,,3.59200011E-3,0.0,
,,,3.59400013E-3,0.0,
,,,3.59599991E-3,0.0,
,,,3.59799992E-3,0.0,
,,,3.59999994E-3,800.000011921E-3,
,,,3.60199995E-3,0.0,
,,,3.60399997E-3,800.000011921E-3,
,,,3.60599998E-3,0.0,
,,,3.60800000E-3,800.000011921E-3,
,,,3.61000001E-3,800.000011921E-3,
,,,3.61200003E-3,800.000011921E-3,
,,,3.61400004E-3,800.000011921E-3,
,,,3.61600006E-3,800.000011921E-3,
,,,3.61800008E-3,0.0,
,,,3.62000009E-3,800.000011921E-3,
,,,3.62200011E-3,0.0,
,,,3.62400012E-3,800.000011921E-3,
,,,3.62600014E-3,800.000011921E-3,
,,,3.62799992E-3,0.0,
,,,3.62999993E-3,0.0,
,,,3.63199995E-3,800.000011921E-3,
,,,3.63399996E-3,0.0,
,,,3.63599998E-3,800.000011921E-3,
,,,3.63799999E-3,0.0,
,,,3.64000001E-3,0.0,
,,,3.64200003E-3,800.000011921E-3,
,,,3.64400004E-3,800.000011921E-3,
,,,3.64600006E-3,800.000011921E-3,
,,,3.64800007E-3,800.000011921E-3,
,,,3.65000009E-3,800.000011921E-3,
,,,3.65200010E-3,800.000011921E-3,
,,,3.65400012E-3,800.000011921E-3,
,,,3.65600013E-3,800.000011921E-3,
,,,3.65799991E-3,800.000011921E-3,
,,,3.65999993E-3,800.000011921E-3,
,,,3.66199994E-3,800.000011921E-3,
,,,3.66399996E-3,800.000011921E-3,
,,,3.66599998E-3,0.0,
,,,3.66799999E-3,800.000011921E-3,
,,,3.67000001E-3,800.000011921E-3,
,,,3.67200002E-3,0.0,
,,,3.67400004E-3,800.000011921E-3,
,,,3.67600005E-3,800.000011921E-3,
,,,3.67800007E-3,800.000011921E-3,
,,,3.68000008E-3,800.000011921E-3,
,,,3.68200010E-3,800.000011921E-3,
,,,3.68400011E-3,0.0,
,,,3.68600013E-3,0.0,
,,,3.68799991E-3,0.0,
,,,3.68999992E-3,0.0,
,,,3.69199994E-3,800.000011921E-3,
,,,3.69399996E-3,0.0,
,,,3.69599997E-3,800.000011921E-3,
,,,3.69799999E-3,0.0,
,,,3.70000000E-3,800.000011921E-3,
,,,3.70200002E-3,800.000011921E-3,
,,,3.70400003E-3,800.000011921E-3,
,,,3.70600005E-3,0.0,
,,,3.70800006E-3,800.000011921E-3,
,,,3.71000008E-3,0.0,
,,,3.71200009E-3,800.000011921E-3,
,,,3.71400011E-3,800.000011921E-3,
,,,3.71600012E-3,800.000011921E-3,
,,,3.71800014E-3,800.000011921E-3,
,,,3.71999992E-3,800.000011921E-3,
,,,3.72199994E-3,800.000011921E-3,
,,,3.72399995E-3,0.0,
,,,3.72599997E-3,800.000011921E-3,
,,,3.72799998E-3,800.000011921E-3,
,,,3.73000000E-3,800.000011921E-3,
,,,3.73200001E-3,0.0,
,,,3.73400003E-3,800.000011921E-3,
,,,3.73600004E-3,800.000011921E-3,
,,,3.73800006E-3,800.000011921E-3,
,,,3.74000007E-3,800.000011921E-3,
,,,3.74200009E-3,800.000011921E-3,
,,,3.74400010E-3,800.000011921E-3,
,,,3.74600012E-3,0.0,
,,,3.74800013E-3,800.000011921E-3,
,,,3.74999992E-3,800.000011921E-3,
,,,3.75199993E-3,0.0,
,,,3.75399995E-3,800.000011921E-3,
,,,3.75599996E-3,0.0,
,,,3.75799998E-3,800.000011921E-3,
,,,3.75999999E-3,800.000011921E-3,
,,,3.76200001E-3,800.000011921E-3,
,,,3.76400002E-3,800.000011921E-3,
,,,3.76600004E-3,800.000011921E-3,
,,,3.76800005E-3,0.0,
,,,3.77000007E-3,800.000011921E-3,
,,,3.77200008E-3,0.0,
,,,3.77400010E-3,800.000011921E-3,
,,,3.77600011E-3,800.000011921E-3,
,,,3.77800013E-3,800.000011921E-3,
,,,3.77999991E-3,800.000011921E-3,
,,,3.78199993E-3,800.000011921E-3,
,,,3.78399994E-3,0.0,
,,,3.78599996E-3,0.0,
,,,3.78799997E-3,800.000011921E-3,
,,,3.78999999E-3,800.000011921E-3,
,,,3.79200000E-3,800.000011921E-3,
,,,3.79400002E-3,800.000011921E-3,
,,,3.79600003E-3,800.000011921E-3,
,,,3.79800005E-3,800.000011921E-3,
,,,3.80000006E-3,0.0,
,,,3.80200008E-3,800.000011921E-3,
,,,3.80400009E-3,800.000011921E-3,
,,,3.80600011E-3,800.000011921E-3,
,,,3.80800012E-3,800.000011921E-3,
,,,3.80999991E-3,800.000011921E-3,
,,,3.81199992E-3,800.000011921E-3,
,,,3.81399994E-3,800.000011921E-3,
,,,3.81599995E-3,0.0,
,,,3.81799997E-3,800.000011921E-3,
,,,3.81999998E-3,800.000011921E-3,
,,,3.82200000E-3,800.000011921E-3,
,,,3.82400001E-3,800.000011921E-3,
,,,3.82600003E-3,800.000011921E-3,
,,,3.82800004E-3,800.000011921E-3,
,,,3.83000006E-3,800.000011921E-3,
,,,3.83200007E-3,800.000011921E-3,
,,,3.83400009E-3,800.000011921E-3,
,,,3.83600011E-3,800.000011921E-3,
,,,3.83800012E-3,800.000011921E-3,
,,,3.84000014E-3,800.000011921E-3,
,,,3.84199992E-3,0.0,
,,,3.84399993E-3,800.000011921E-3,
,,,3.84599995E-3,800.000011921E-3,
,,,3.84799996E-3,800.000011921E-3,
,,,3.84999998E-3,0.0,
,,,3.85199999E-3,800.000011921E-3,
,,,3.85400001E-3,800.000011921E-3,
,,,3.85600002E-3,800.000011921E-3,
,,,3.85800004E-3,800.000011921E-3,
,,,3.86000006E-3,0.0,
,,,3.86200007E-3,0.0,
,,,3.86400009E-3,800.000011921E-3,
,,,3.86600010E-3,0.0,
,,,3.86800012E-3,800.000011921E-3,
,,,3.87000013E-3,800.000011921E-3,
,,,3.87199991E-3,800.000011921E-3,
,,,3.87399993E-3,0.0,
,,,3.87599994E-3,800.000011921E-3,
,,,3.87799996E-3,800.000011921E-3,
,,,3.87999997E-3,800.000011921E-3,
,,,3.88199999E-3,800.000011921E-3,
,,,3.88400001E-3,800.000011921E-3,
,,,3.88600002E-3,0.0,
,,,3.88800004E-3,800.000011921E-3,
,,,3.89000005E-3,800.000011921E-3,
,,,3.89200007E-3,800.000011921E-3,
,,,3.89400008E-3,800.000011921E-3,
,,,3.89600010E-3,800.000011921E-3,
,,,3.89800011E-3,800.000011921E-3,
,,,3.90000013E-3,800.000011921E-3,
,,,3.90199991E-3,0.0,
,,,3.90399992E-3,800.000011921E-3,
,,,3.90599994E-3,800.000011921E-3,
,,,3.90799996E-3,0.0,
,,,3.90999997E-3,800.000011921E-3,
,,,3.91199999E-3,800.000011921E-3,
,,,3.91400000E-3,800.000011921E-3,
,,,3.91600002E-3,800.000011921E-3,
,,,3.91800003E-3,800.000011921E-3,
,,,3.92000005E-3,800.000011921E-3,
,,,3.92200006E-3,800.000011921E-3,
,,,3.92400008E-3,0.0,
,,,3.92600009E-3,800.000011921E-3,
,,,3.92800011E-3,800.000011921E-3,
,,,3.93000012E-3,800.000011921E-3,
,,,3.93200014E-3,800.000011921E-3,
,,,3.93400015E-3,0.0,
,,,3.93600017E-3,800.000011921E-3,
,,,3.93800018E-3,800.000011921E-3,
,,,3.94000020E-3,800.000011921E-3,
,,,3.94200021E-3,800.000011921E-3,
,,,3.94400023E-3,0.0,
,,,3.94600024E-3,0.0,
,,,3.94799979E-3,0.0,
,,,3.94999981E-3,800.000011921E-3,
,,,3.95199982E-3,800.000011921E-3,
,,,3.95399984E-3,800.000011921E-3,
,,,3.95599985E-3,800.000011921E-3,
,,,3.95799987E-3,800.000011921E-3,
,,,3.95999989E-3,800.000011921E-3,
,,,3.96199990E-3,800.000011921E-3,
,,,3.96399992E-3,800.000011921E-3,
,,,3.96599993E-3,800.000011921E-3,
,,,3.96799995E-3,800.000011921E-3,
,,,3.96999996E-3,800.000011921E-3,
,,,3.97199998E-3,0.0,
,,,3.97399999E-3,800.000011921E-3,
,,,3.97600001E-3,800.000011921E-3,
,,,3.97800002E-3,800.000011921E-3,
,,,3.98000004E-3,0.0,
,,,3.98200005E-3,800.000011921E-3,
,,,3.98400007E-3,800.000011921E-3,
,,,3.98600008E-3,800.000011921E-3,
,,,3.98800010E-3,800.000011921E-3,
,,,3.99000011E-3,800.000011921E-3,
,,,3.99200013E-3,800.000011921E-3,
,,,3.99400014E-3,0.0,
,,,3.99600016E-3,800.000011921E-3,
,,,3.99800017E-3,800.000011921E-3,
,,,4.00000019E-3,800.000011921E-3,
,,,4.00200021E-3,0.0,
,,,4.00400022E-3,0.0,
,,,4.00600024E-3,800.000011921E-3,
,,,4.00800025E-3,800.000011921E-3,
,,,4.00999980E-3,800.000011921E-3,
,,,4.01199982E-3,800.000011921E-3,
,,,4.01399983E-3,0.0,
,,,4.01599985E-3,800.000011921E-3,
,,,4.01799986E-3,800.000011921E-3,
,,,4.01999988E-3,800.000011921E-3,
,,,4.02199989E-3,800.000011921E-3,
,,,4.02399991E-3,0.0,
,,,4.02599992E-3,0.0,
,,,4.02799994E-3,800.000011921E-3,
,,,4.02999995E-3,800.000011921E-3,
,,,4.03199997E-3,0.0,
,,,4.03399998E-3,0.0,
,,,4.03600000E-3,800.000011921E-3,
,,,4.03800001E-3,0.0,
,,,4.04000003E-3,800.000011921E-3,
,,,4.04200004E-3,0.0,
,,,4.04400006E-3,800.000011921E-3,
,,,4.04600007E-3,0.0,
,,,4.04800009E-3,0.0,
,,,4.05000011E-3,800.000011921E-3,
,,,4.05200012E-3,0.0,
,,,4.05400014E-3,800.000011921E-3,
,,,4.05600015E-3,800.000011921E-3,
,,,4.05800017E-3,800.000011921E-3,
,,,4.06000018E-3,800.000011921E-3,
,,,4.06200020E-3,0.0,
,,,4.06400021E-3,800.000011921E-3,
,,,4.06600023E-3,800.000011921E-3,
,,,4.06800024E-3,0.0,
,,,4.06999979E-3,800.000011921E-3,
,,,4.07199981E-3,800.000011921E-3,
,,,4.07399982E-3,0.0,
,,,4.07599984E-3,800.000011921E-3,
,,,4.07799985E-3,0.0,
,,,4.07999987E-3,800.000011921E-3,
,,,4.08199988E-3,800.000011921E-3,
,,,4.08399990E-3,800.000011921E-3,
,,,4.08599991E-3,800.000011921E-3,
,,,4.08799993E-3,800.000011921E-3,
,,,4.08999994E-3,800.000011921E-3,
,,,4.09199996E-3,800.000011921E-3,
,,,4.09399997E-3,800.000011921E-3,
,,,4.09599999E-3,0.0,
,,,4.09800000E-3,0.0,
,,,4.10000002E-3,0.0,
,,,4.10200004E-3,800.000011921E-3,
,,,4.10400005E-3,800.000011921E-3,
,,,4.10600007E-3,800.000011921E-3,
,,,4.10800008E-3,800.000011921E-3,
,,,4.11000010E-3,800.000011921E-3,
,,,4.11200011E-3,800.000011921E-3,
,,,4.11400013E-3,800.000011921E-3,
,,,4.11600014E-3,800.000011921E-3,
,,,4.11800016E-3,0.0,
,,,4.12000017E-3,0.0,
,,,4.12200019E-3,800.000011921E-3,
,,,4.12400020E-3,800.000011921E-3,
,,,4.12600022E-3,0.0,
,,,4.12800023E-3,0.0,
,,,4.13000025E-3,800.000011921E-3,
,,,4.13199980E-3,0.0,
,,,4.13399981E-3,800.000011921E-3,
,,,4.13599983E-3,800.000011921E-3,
,,,4.13799984E-3,800.000011921E-3,
,,,4.13999986E-3,800.000011921E-3,
,,,4.14199987E-3,800.000011921E-3,
,,,4.14399989E-3,0.0,
,,,4.14599990E-3,0.0,
,,,4.14799992E-3,800.000011921E-3,
,,,4.14999994E-3,800.000011921E-3,
,,,4.15199995E-3,0.0,
,,,4.15399997E-3,800.000011921E-3,
,,,4.15599998E-3,800.000011921E-3,
,,,4.15800000E-3,800.000011921E-3,
,,,4.16000001E-3,800.000011921E-3,
,,,4.16200003E-3,800.000011921E-3,
,,,4.16400004E-3,800.000011921E-3,
,,,4.16600006E-3,800.000011921E-3,
,,,4.16800007E-3,800.000011921E-3,
,,,4.17000009E-3,0.0,
,,,4.17200010E-3,800.000011921E-3,
,,,4.17400012E-3,800.000011921E-3,
,,,4.17600013E-3,0.0,
,,,4.17800015E-3,800.000011921E-3,
,,,4.18000016E-3,0.0,
,,,4.18200018E-3,800.000011921E-3,
,,,4.18400019E-3,800.000011921E-3,
,,,4.18600021E-3,800.000011921E-3,
,,,4.18800022E-3,800.000011921E-3,
,,,4.19000024E-3,800.000011921E-3,
,,,4.19200025E-3,800.000011921E-3,
,,,4.19399980E-3,800.000011921E-3,
,,,4.19599982E-3,800.000011921E-3,
,,,4.19799984E-3,800.000011921E-3,
,,,4.19999985E-3,800.000011921E-3,
,,,4.20199987E-3,800.000011921E-3,
,,,4.20399988E-3,800.000011921E-3,
,,,4.20599990E-3,0.0,
,,,4.20799991E-3,0.0,
,,,4.20999993E-3,800.000011921E-3,
,,,4.21199994E-3,0.0,
,,,4.21399996E-3,0.0,
,,,4.21599997E-3,0.0,
,,,4.21799999E-3,800.000011921E-3,
,,,4.22000000E-3,0.0,
,,,4.22200002E-3,800.000011921E-3,
,,,4.22400003E-3,0.0,
,,,4.22600005E-3,800.000011921E-3,
,,,4.22800006E-3,0.0,
,,,4.23000008E-3,0.0,
,,,4.23200009E-3,0.0,
,,,4.23400011E-3,800.000011921E-3,
,,,4.23600012E-3,800.000011921E-3,
,,,4.23800014E-3,800.000011921E-3,
,,,4.24000015E-3,0.0,
,,,4.24200017E-3,0.0,
,,,4.24400019E-3,0.0,
,,,4.24600020E-3,800.000011921E-3,
,,,4.24800022E-3,800.000011921E-3,
,,,4.25000023E-3,0.0,
,,,4.25200025E-3,800.000011921E-3,
,,,4.25399980E-3,800.000011921E-3,
,,,4.25599981E-3,0.0,
,,,4.25799983E-3,0.0,
,,,4.25999984E-3,800.000011921E-3,
,,,4.26199986E-3,800.000011921E-3,
,,,4.26399987E-3,800.000011921E-3,
,,,4.26599989E-3,800.000011921E-3,
,,,4.26799990E-3,0.0,
,,,4.26999992E-3,800.000011921E-3,
,,,4.27199993E-3,800.000011921E-3,
,,,4.27399995E-3,0.0,
,,,4.27599996E-3,0.0,
,,,4.27799998E-3,800.000011921E-3,
,,,4.27999999E-3,800.000011921E-3,
,,,4.28200001E-3,800.000011921E-3,
,,,4.28400002E-3,800.000011921E-3,
,,,4.28600004E-3,800.000011921E-3,
,,,4.28800005E-3,800.000011921E-3,
,,,4.29000007E-3,800.000011921E-3,
,,,4.29200009E-3,800.000011921E-3,
,,,4.29400010E-3,800.000011921E-3,
,,,4.29600012E-3,800.000011921E-3,
,,,4.29800013E-3,800.000011921E-3,
,,,4.30000015E-3,800.000011921E-3,
,,,4.30200016E-3,800.000011921E-3,
,,,4.30400018E-3,800.000011921E-3,
,,,4.30600019E-3,0.0,
,,,4.30800021E-3,0.0,
,,,4.31000022E-3,800.000011921E-3,
,,,4.31200024E-3,800.000011921E-3,
,,,4.31400025E-3,800.000011921E-3,
,,,4.31599980E-3,800.000011921E-3,
,,,4.31799982E-3,800.000011921E-3,
,,,4.31999983E-3,800.000011921E-3,
,,,4.32199985E-3,800.000011921E-3,
,,,4.32399986E-3,800.000011921E-3,
,,,4.32599988E-3,800.000011921E-3,
,,,4.32799989E-3,800.000011921E-3,
,,,4.32999991E-3,800.000011921E-3,
,,,4.33199992E-3,800.000011921E-3,
,,,4.33399994E-3,0.0,
,,,4.33599995E-3,800.000011921E-3,
,,,4.33799997E-3,800.000011921E-3,
,,,4.33999998E-3,800.000011921E-3,
,,,4.34200000E-3,800.000011921E-3,
,,,4.34400002E-3,0.0,
,,,4.34600003E-3,800.000011921E-3,
,,,4.34800005E-3,0.0,
,,,4.35000006E-3,0.0,
,,,4.35200008E-3,800.000011921E-3,
,,,4.35400009E-3,800.000011921E-3,
,,,4.35600011E-3,800.000011921E-3,
,,,4.35800012E-3,800.000011921E-3,
,,,4.36000014E-3,800.000011921E-3,
,,,4.36200015E-3,0.0,
,,,4.36400017E-3,800.000011921E-3,
,,,4.36600018E-3,800.000011921E-3,
,,,4.36800020E-3,800.000011921E-3,
,,,4.37000021E-3,800.000011921E-3,
,,,4.37200023E-3,800.000011921E-3,
,,,4.37400024E-3,800.000011921E-3,
,,,4.37599979E-3,800.000011921E-3,
,,,4.37799981E-3,0.0,
,,,4.37999982E-3,800.000011921E-3,
,,,4.38199984E-3,800.000011921E-3,
,,,4.38399985E-3,800.000011921E-3,
,,,4.38599987E-3,800.000011921E-3,
,,,4.38799988E-3,800.000011921E-3,
,,,4.38999990E-3,800.000011921E-3,
,,,4.39199992E-3,0.0,
,,,4.39399993E-3,800.000011921E-3,
,,,4.39599995E-3,0.0,
,,,4.39799996E-3,0.0,
,,,4.39999998E-3,800.000011921E-3,
,,,4.40199999E-3,800.000011921E-3,
,,,4.40400001E-3,800.000011921E-3,
,,,4.40600002E-3,800.000011921E-3,
,,,4.40800004E-3,0.0,
,,,4.41000005E-3,0.0,
,,,4.41200007E-3,800.000011921E-3,
,,,4.41400008E-3,0.0,
,,,4.41600010E-3,800.000011921E-3,
,,,4.41800011E-3,0.0,
,,,4.42000013E-3,0.0,
,,,4.42200014E-3,800.000011921E-3,
,,,4.42400016E-3,800.000011921E-3,
,,,4.42600017E-3,800.000011921E-3,
,,,4.42800019E-3,800.000011921E-3,
,,,4.43000020E-3,800.000011921E-3,
,,,4.43200022E-3,800.000011921E-3,
,,,4.43400024E-3,800.000011921E-3,
,,,4.43600025E-3,800.000011921E-3,
,,,4.43799980E-3,800.000011921E-3,
,,,4.43999982E-3,800.000011921E-3,
,,,4.44199983E-3,800.000011921E-3,
,,,4.44399985E-3,800.000011921E-3,
,,,4.44599986E-3,800.000011921E-3,
,,,4.44799988E-3,800.000011921E-3,
,,,4.44999989E-3,0.0,
,,,4.45199991E-3,800.000011921E-3,
,,,4.45399992E-3,800.000011921E-3,
,,,4.45599994E-3,800.000011921E-3,
,,,4.45799995E-3,0.0,
,,,4.45999997E-3,800.000011921E-3,
,,,4.46199998E-3,800.000011921E-3,
,,,4.46400000E-3,800.000011921E-3,
,,,4.46600001E-3,800.000011921E-3,
,,,4.46800003E-3,800.000011921E-3,
,,,4.47000004E-3,800.000011921E-3,
,,,4.47200006E-3,800.000011921E-3,
,,,4.47400007E-3,800.000011921E-3,
,,,4.47600009E-3,0.0,
,,,4.47800010E-3,800.000011921E-3,
,,,4.48000012E-3,800.000011921E-3,
,,,4.48200013E-3,0.0,
,,,4.48400015E-3,800.000011921E-3,
,,,4.48600017E-3,800.000011921E-3,
,,,4.48800018E-3,800.000011921E-3,
,,,4.49000020E-3,0.0,
,,,4.49200021E-3,800.000011921E-3,
,,,4.49400023E-3,0.0,
,,,4.49600024E-3,800.000011921E-3,
,,,4.49799979E-3,0.0,
